node,node_type,pagerank,betweenness,in_degree
personal information,Category,0.02056346101669016,0.034127198564785056,386
CCPA,Regulation,0.009150271687212396,0.0,66
HIPAA,Regulation,0.005465309516522087,0.0,36
we,Entity,0.004787562914562214,0.029926823955508976,177
GDPR,Regulation,0.004397574280536093,0.0,32
cookie / pixel tag,DataPoint,0.002612236554591204,0.003697845606700821,81
password,DataPoint,0.002360846941284802,0.0,14
internet,DataPoint,0.0019280666509565818,0.0,12
contact information,Category,0.0017637736078093978,0.0032149111381222168,46
person name,DataPoint,0.0017621938084804757,6.485186015004908e-05,35
username,DataPoint,0.0017164042755570383,0.0,13
browser type,DataPoint,0.0016501438947605167,0.0,18
information provide,DataPoint,0.001572203865432949,0.0,5
information about you,Category,0.0015157898615331426,0.0012862663181392397,33
email address,DataPoint,0.001465701035956201,0.00013993360314760086,34
geolocation,DataPoint,0.0014559577803062657,0.0009427876317761469,42
aggregate / deidentified / pseudonymized information,Category,0.0014260323817484528,0.0007880733701042474,20
phone number,DataPoint,0.0013918657022771168,6.468986091655297e-06,27
information about,Category,0.0013494442465650947,0.0,14
preference for future interaction from stryker,Category,0.0013310678524019982,0.0,4
camera,Category,0.001324706805203217,0.0,5
different type,DataPoint,0.0013223224832141487,0.0,7
audio,DataPoint,0.0012920678371498497,3.615148233815087e-05,6
privacy control within microsoft office client app,Category,0.0012704693224680893,0.0,4
ip address,Category,0.0012424601617092093,0.00021719269388563388,49
protected classification,DataPoint,0.001218079061774992,0.0,4
consumer application information collect from consumer to federally facilitated marketplaces for eligibility determination,Category,0.001196862858340983,0.0,4
policy number,DataPoint,0.001127112543254756,0.0,5
account user credential,Category,0.001125250607313976,0.0,3
information within t. rowe price family of company,Category,0.0011206415563445142,0.0,5
information with,Category,0.0011195089427979098,0.0,4
personal information government require we,Category,0.0011188972849820716,0.0,5
order,Category,0.0011166536225097217,0.0,4
user name,DataPoint,0.0011146086491718439,0.0,6
personal,Category,0.0011070887992572643,0.0,7
promotional message relate to product,Category,0.0011043729149958787,0.0,3
cloud datum storage,Category,0.0010973782027488951,0.0,3
company name,DataPoint,0.0010726586607509552,0.0,5
internet activity,Category,0.0010685659772746142,0.004341543433860266,33
postal address,DataPoint,0.0010511256472127758,0.0001718626722781201,22
detail on,Category,0.0010393944293206224,0.0,3
device,Category,0.0009884706769962479,0.0,11
title,DataPoint,0.0009875517922326507,0.0,7
personal information with,Category,0.0009732787805659948,0.0,5
phi,Category,0.0009629886088060686,8.632403345340368e-05,20
specific piece,Category,0.0009497774522464196,0.0,3
citizenship,Category,0.0009284552844949414,0.0,6
interest,DataPoint,0.000923253650995248,0.0,6
microphone,DataPoint,0.0009117457844279151,0.0,4
chd,Category,0.0009060203177910774,0.0,7
payment detail,DataPoint,0.0009047149359511878,0.0,4
metadata,DataPoint,0.0008958520528459255,0.0,5
diagnostic datum,DataPoint,0.0008900031966314839,0.0,9
information about device,Category,0.0008883166206860895,0.0,4
personal data of minor be,Category,0.0008660778327485014,0.0,4
phi about you,Category,0.0008626292679779787,0.0,5
UNSPECIFIED_ACTOR,Entity,0.0008575021293350376,0.0032841912443608155,146
global privacy control,DataPoint,0.0008559952906729159,0.0,5
session,Category,0.0008529288549673383,0.0,3
tracking,DataPoint,0.0008376383490193694,0.0,5
insurance transaction,Category,0.0008300405855498806,0.0,3
type of information,Category,0.0008285226976959328,0.0,9
option,Category,0.0008142941512441161,0.0,6
information with third party,Category,0.0008100166827937535,0.0,4
information to,Category,0.0008036318428270089,0.0,3
artificial intelligence,Category,0.0008021711342166626,0.0,5
choice,Category,0.0008017400591912303,0.0,3
personal information run everyday business,Category,0.0008009425583594735,0.0,2
communication preference,DataPoint,0.0007977486060476353,0.0,4
information for recordkeeping purpose,Category,0.0007886561557775481,0.0,3
credit card,Category,0.0007850832029117688,0.0,7
special category,Category,0.000784351401610108,0.0,3
datum on,Category,0.0007832277762326801,0.0,4
name subject record collect for research.|,Category,0.0007828604633262858,0.0,3
name subject record collect for research,Category,0.0007828604633262858,0.0,3
available personal datum,Category,0.000781278315952374,0.0,5
device data,Category,0.0007808029150320797,0.0,4
information about individual,Category,0.0007799951730175617,0.0,6
personal information concern criminal conviction,Category,0.0007796312304608212,0.0,4
transaction datum,Category,0.0007789667364674664,0.0,5
information disclose through survey provide to,Category,0.0007787547920097305,0.0,4
identifier,Category,0.0007783491950725858,0.0036285677794864308,23
documentation,Category,0.0007756430287972313,0.0,3
url of website,Category,0.0007752366432148759,0.0,3
datum identify,Category,0.0007732660657945841,0.0,3
information about use of site with social medium,Category,0.0007732068675728387,0.0,3
personal data artificial share information about use of site with social medium,Category,0.0007732068675728387,0.0,3
datum with company,Category,0.0007729462139130183,0.0,4
list,Category,0.0007723522251972441,0.0,3
personal information with governmental public authority,Category,0.0007720736556286023,0.0,2
feedback form,Category,0.0007706818094740626,0.0,2
fastlane profile information,Category,0.0007700438167329914,0.0,5
subdomain,Category,0.0007694639440888402,0.0,2
inferences,DataPoint,0.000769445844406605,0.0,3
informatio,Category,0.0007677941325274062,0.0,3
information about product usage,Category,0.0007677941325274062,0.0,3
security token,Category,0.0007674341684468029,0.0,2
personal information concern,Category,0.0007674341684468029,0.0,2
payment,Category,0.0007671038644350151,0.0,3
personal information for cross - contextual behavioral advertising with your,Category,0.0007668323848815796,0.0,3
information about privacy choice,Category,0.0007665795260712084,0.0,2
personal information with corporate subsidiary,Category,0.0007665795260712084,0.0,2
screen resolution,DataPoint,0.0007664121406504125,0.0,6
metric,Category,0.0007658103479331733,0.0,2
copy of your,Category,0.0007651144248559033,0.0,2
limit personal data,Category,0.0007650877650046898,0.0,3
type of service,Category,0.0007644817675129307,0.0,2
microsoft entra id,Category,0.000763945261463026,0.0,3
exist seagate account,Category,0.0007639041238519557,0.0,2
information in legal proceeding,Category,0.0007634639444910602,0.0,3
notification,Category,0.0007634195439027043,0.0,3
trend,Category,0.0007628874710086396,0.0,2
information about page you visit,Category,0.0007628874710086396,0.0,2
information share through your,Category,0.0007623813974819736,0.0,3
button display on cover sites,Category,0.0007621298466943123,0.0,3
different level,Category,0.0007620214334013704,0.0,2
specific piece of personal data we collect about you,DataPoint,0.000761854510797616,0.0,3
lidar radar datum,Category,0.0007618545107976158,0.0,3
information about product,Category,0.0007618545107976158,0.0,3
personal datum register profession,Category,0.0007618401239774304,0.0,3
information from reviewer relate to personal preference,Category,0.0007616348094695539,0.0,2
information consistent,Category,0.0007613311653089791,0.0,3
acquire personal information about patient,Category,0.0007612748492571729,0.0,2
information regard use of sites,Category,0.000759658237729213,0.0,3
uniquely identifiable mobile device information,Category,0.0007587954605143745,0.0,3
personal information for personalized advertising on website,Category,0.0007583249314191238,0.0,2
standard information browser send to we as internet protocol,Category,0.000757993351507095,0.0,2
version,Category,0.0007577327060209803,0.0,8
vehicle license plate number parking spot,Category,0.0007576912453650242,0.0,2
datum collect,Category,0.0007576468447766684,0.0,3
datum with control affiliate,Category,0.0007576468447766684,0.0,3
personal information concern you you provide to verisign ii,Category,0.0007574148503839811,0.0,2
information about account,Category,0.0007572376040063315,0.0,3
technical control datum,Category,0.0007570417171595724,0.0,2
information about use of website include for analytic,Category,0.0007568168804730697,0.0,2
information about visit to page on website,Category,0.0007568168804730697,0.0,2
personal datum base on own practice,Category,0.0007562687328965777,0.0,3
personal datum of cboe customer in japan,Category,0.0007562354062838391,0.0,2
personal information from user of sites be,Category,0.0007560674248513946,0.0,2
datum about interest,Category,0.0007558354504923045,0.0,2
related log,Category,0.0007552416154292599,0.0,3
specific product information,Category,0.0007546755786968549,0.0,2
information on quality,Category,0.0007543903643209245,0.0,3
billing datum,Category,0.0007535722860133781,0.0,2
datum we collect from enterprise developer software,Category,0.0007533528896123973,0.0,4
information regard complaint procedure,Category,0.0007530227613883389,0.0,2
personal information with co - promotion company,Category,0.000752793163815715,0.0,2
personal information about child,Category,0.0007527674025172438,0.0,2
diagnostic data,Category,0.0007526747072722699,0.0,3
datum operate,Category,0.00075255232799076,0.0,3
device microphone,Category,0.0007518741456506324,0.0,2
control,Category,0.0007518741456506324,0.0,2
few control,Category,0.0007518741456506324,0.0,2
relate sms text from mobile operator,Category,0.0007518741456506324,0.0,2
limit require diagnostic datum,Category,0.0007518741456506324,0.0,2
datum as search query,Category,0.0007518741456506324,0.0,2
text message,DataPoint,0.0007473894761969753,0.0,4
email content,DataPoint,0.0007429948889510303,0.0,3
sensitive personal information,DataPoint,0.0007405453637922396,0.001540347753292385,17
voice identification,DataPoint,0.0007303354990043218,0.0,4
content information display on webpage,Category,0.0007242116991796417,0.0,2
log file,Category,0.0007236770381798115,0.0,5
pixel,Category,0.0007135999353248951,0.00011632955478993165,13
inference draw from for preference,DataPoint,0.0007124898716868701,0.0,6
domain name,DataPoint,0.0007115623612920733,0.0,5
information identify,Category,0.0007090241350118238,0.0,4
opt signal,Category,0.000708548641998133,0.0,5
customer satisfaction,Category,0.0007060570266137628,0.0,4
information you submit,DataPoint,0.0007029105370720517,0.0,4
mailing,DataPoint,0.0007005955752507934,0.0,3
personal information need from you,DataPoint,0.0007005955752507934,0.0,3
usage,Category,0.0006991630008176105,0.0,4
sufficient detail,Category,0.0006986904545059258,0.0,2
description,Category,0.000697480996075114,0.0,4
operating system,Category,0.0006860863683339905,0.0,5
payment data,DataPoint,0.0006833850239882294,0.0,4
sensitive category,DataPoint,0.0006809601199624134,0.0,3
language preference,DataPoint,0.0006764730000965148,0.0,6
inference draw from,DataPoint,0.00067421512213638,0.0,4
personal information collected as third party service provider,Category,0.0006688350763049856,0.0,3
model,Category,0.0006638433291375189,0.0,4
browser type for administrative purpose,Category,0.0006578270868297326,0.0,3
document,Category,0.0006555864960923469,0.0,3
information about interest,DataPoint,0.0006548364679151052,0.0,4
analytic information,Category,0.000653153963980158,0.0,4
personal information reveal,DataPoint,0.0006485836101201205,0.0,5
ancestry,Category,0.0006453763064293712,0.0,3
html5,Category,0.000642291917850063,0.0,5
initial,DataPoint,0.0006396036073033353,0.0,3
special datum,DataPoint,0.0006396036073033353,0.0,3
professional disciplinary information,DataPoint,0.0006396036073033353,0.0,3
paper,DataPoint,0.0006396036073033353,0.0,3
characteristics,DataPoint,0.0006396036073033353,0.0,3
device type,Category,0.0006386369147215343,0.0,6
browsing / search history,Category,0.0006306129387695515,0.00068167146438551,18
how personal information,Category,0.0006260837793965286,0.0,6
different kind,DataPoint,0.0006246980500998323,0.0,3
information list,Category,0.0006239197136867449,0.0,4
h. data transfer,Category,0.000622765982268942,0.0,3
personal information in connection with online feature,Category,0.0006205384105676322,0.0,2
request,Category,0.0006189940388934318,1.685033221857183e-05,8
personal data submit,DataPoint,0.0006189253509737965,0.0,3
in circumstance allow information protect characteristic under california law,DataPoint,0.0006189253509737965,0.0,3
information from,Category,0.0006151100951781587,0.0,4
information tailor to product suite,Category,0.000605433417375571,0.0,3
information on individual cover,Category,0.0006050095787370821,0.0,3
cctv footage,Category,0.0006040197937702932,0.0,3
payment link,Category,0.0006026634593409404,0.0,3
billing,DataPoint,0.0006017086479419323,0.0,4
region,DataPoint,0.0005997328346872413,0.0,3
personal information collect for above mention process in accordance with legal obligation,Category,0.0005996607182495353,0.0,2
citi account information,Category,0.000599170109680142,0.0,3
category of personal information,DataPoint,0.00059872412427483,0.0,5
personal datum collect in connection with services,DataPoint,0.0005982470946442575,0.0,3
payment information for purchase with f5,DataPoint,0.0005982470946442575,0.0,3
information about experience,DataPoint,0.0005982470946442575,0.0,3
test result,DataPoint,0.0005982470946442575,0.0,3
personal information with trust third,Category,0.0005970510067097731,0.0,2
personal data include,Category,0.0005959764196051652,0.0,2
personal data in united states,Category,0.0005959764196051652,0.0,2
write confirmation you authorize they,Category,0.0005949723609055458,0.0,3
write proof of authorization,Category,0.0005949723609055457,0.0,3
accurate insurance premium rate quote,Category,0.0005941665886921413,0.0,2
threat,Category,0.00059385225972936,0.0,4
personal information for reason,Category,0.0005926287628547029,0.0,4
public profile information,DataPoint,0.0005894415734185489,0.0,3
web server logs,Category,0.0005894415734185487,0.0,3
problem description,Category,0.0005882555692657443,0.0,3
code sample,Category,0.0005859119940400567,0.0,2
extensive documentation,Category,0.0005859119940400567,0.0,2
photo identification,Category,0.0005855877046975492,0.0,3
personal datum you give we as,Category,0.0005836544874723274,0.0,2
information about application you download to mobile device,Category,0.0005808559882892636,0.0,2
survey response,DataPoint,0.0005790953382494525,0.0,3
message,Category,0.0005775688383147185,0.0,3
tag,Category,0.00057354617788901,0.0,7
personal data cover,DataPoint,0.0005717123520621152,0.0,3
software user information,Category,0.0005715670101094438,0.0,3
information you provide,Category,0.0005705963904970803,0.00020395347466741325,5
information from outside source,DataPoint,0.0005635231520319434,0.0,4
personal datum collect,Category,0.0005630674314412765,0.0,2
personal datum relate to individual in republic of china,Category,0.0005630674314412765,0.0,2
music list,Category,0.0005627335033503476,0.0,2
information from device,Category,0.0005626632811112155,0.0,3
analytic datum,DataPoint,0.0005626632811112155,0.0,3
sensory information,Category,0.0005626632811112155,0.0,3
site information,Category,0.0005617361943453688,0.0,4
technological access to information,Category,0.0005612381645107467,0.0,3
personal information with financial institution,Category,0.0005612381645107467,0.0,3
statement,Category,0.0005601849982046183,0.0,6
login credential,Category,0.0005599261162328948,0.0,5
sensitive personal data,DataPoint,0.0005596323356376535,6.330528244103305e-05,4
sufficient information allow,Category,0.0005595859404864382,0.0,6
payment information,DataPoint,0.0005584628226633365,6.359542505807072e-05,6
date of birth,DataPoint,0.000557999180384008,3.626425008539638e-06,12
california customer records,DataPoint,0.0005568905819851795,0.0,3
credit score,Category,0.0005568905819851795,0.0,3
datum collection,DataPoint,0.0005568905819851795,0.0,3
electronic information,Category,0.0005568905819851795,0.0,3
commercial information,DataPoint,0.0005556239847875417,0.0035417839340083123,15
time zone setting,DataPoint,0.0005517677244833705,0.0,4
browser plug type,DataPoint,0.0005517677244833705,0.0,4
controlled personal data,Category,0.0005510340957325762,0.0,2
services personal data,Category,0.0005510340957325762,0.0,2
relate datum,Category,0.0005508924149516909,0.0,3
health insurance number,DataPoint,0.0005496095300931679,0.0,4
country of residence,DataPoint,0.0005496095300931679,0.0,4
identity,Category,0.0005488845489656105,0.0,3
compliance information,DataPoint,0.0005488845489656105,0.0,3
account log financial account number,DataPoint,0.0005463796120276217,0.0,4
time passcode,Category,0.0005457185933029289,0.0,3
training,Category,0.0005448642246666459,0.0,3
entry,Category,0.0005415610336320344,0.0,5
cost estimate,Category,0.0005415610336320344,0.0,5
sensitive personal information for purpose,Category,0.0005415610336320344,0.0,5
product datum,DataPoint,0.0005406069129015858,0.0,4
user datum,DataPoint,0.0005406069129015858,0.0,4
website datum,DataPoint,0.0005406069129015858,0.0,4
information show,Category,0.0005398980703418146,0.0,3
personal datum collect from,Category,0.0005385054404788095,0.0,2
analytical information about user experience,Category,0.0005372172035919456,0.0,3
local store object,Category,0.0005366956095657856,0.0,2
information about preference,Category,0.0005366956095657856,0.0,2
information in united states,Category,0.00053665338911499,0.0,3
identification datum,Category,0.0005359264314277506,0.0,2
professional information datum to customer who subscribe to for own purpose include marketing,Category,0.0005359264314277506,0.0,2
statistical datum,DataPoint,0.0005357217944346069,0.0,3
ssn,DataPoint,0.0005349437047800173,0.0001315018415133931,14
server log,DataPoint,0.0005334339999153141,0.0,3
personal information in global database access,Category,0.0005313909327517502,0.0,2
public image,Category,0.0005308806899889542,0.0,3
transaction,DataPoint,0.000530253573553102,0.0,4
history of,Category,0.0005283526720897431,0.0,2
information you choose,Category,0.0005270794675781736,0.0,3
internet protocol,DataPoint,0.0005260366665370148,0.0,4
information in anonymize form,Category,0.0005251079908629183,0.0,2
license,DataPoint,0.0005225621045738302,0.0,4
infrared sensor,Category,0.0005219902291452099,0.0,2
us mortgage record,Category,0.0005218874162784161,0.0,2
public record,Category,0.0005218874162784161,0.0,2
product information,DataPoint,0.0005211493502450021,0.0,3
confirmation,DataPoint,0.0005211493502450021,0.0,3
encryption,DataPoint,0.0005192927194364065,0.0,4
mouse click,Category,0.0005155426500416675,0.0,3
sensitive personal,Category,0.0005155340693261019,0.0,3
communication data,DataPoint,0.0005155340693261019,0.0,3
credential,DataPoint,0.0005155340693261019,0.0,3
communication preference in,DataPoint,0.0005155340693261019,0.0,3
professional educational information,DataPoint,0.0005155340693261019,0.0,3
public profile,DataPoint,0.0005155340693261019,0.0,3
social medium relationship,DataPoint,0.0005155340693261019,0.0,3
commercial,Category,0.0005155340693261019,0.0,3
specific category,DataPoint,0.0005155340693261019,0.0,3
information on server in many country around world,Category,0.0005150602258921631,0.0,2
tax identification number,Category,0.0005150144372658724,0.0,5
occupation,DataPoint,0.0005117242853473761,0.0,4
information you post,Category,0.0005115386285582661,0.0,3
preferred language,DataPoint,0.0005113509757646715,0.0,3
text,Category,0.0005105705125372691,0.0,3
scroll activity,Category,0.0005097699509156318,0.0,2
mouse movement,Category,0.0005097699509156318,0.0,2
state identification card,DataPoint,0.0005052139276934387,0.0,3
chat,Category,0.0005049957804204065,0.0,3
information we have about you,Category,0.0005027790793526264,0.0,4
internet browser type,Category,0.0005005759180657778,0.0,4
access time,DataPoint,0.0004978765533971368,0.0,5
user,Category,0.0004976160002152386,0.0,2
contact,Category,0.000496071784639367,0.0009781149057316793,8
voice,Category,0.0004960206433263175,0.0,3
broad variety,Category,0.0004960066429857502,0.0,3
demographic,Category,0.000494855812996563,0.0,3
account access information,DataPoint,0.000494855812996563,0.0,3
share information,Category,0.00048732684970350976,0.0,3
personal datum customer elect,Category,0.0004862156292090677,0.0,3
professional title role,Category,0.0004862156292090677,0.0,3
social medium account information,Category,0.0004862156292090677,0.0,3
identity datum,Category,0.0004859938109911088,0.0,3
phone,DataPoint,0.00048598309458167127,0.0,3
browser information,Category,0.0004855365640308425,0.0,3
information about crime victim,Category,0.0004850051318627454,0.0,3
performance,DataPoint,0.0004839249233896257,0.0,3
etag,Category,0.00048352434367757743,0.0,4
spdi,DataPoint,0.000483360573366697,0.0,4
state identification card number,Category,0.00048259878063381696,0.0,4
personal identifier,DataPoint,0.00048156140118617844,0.0008376325141793949,14
personal datum of customer,Category,0.0004810663947285739,0.0,2
personal information to cdw entity,Category,0.0004807479985494307,0.0,2
bodily function,DataPoint,0.00047879198540621496,0.0,3
vital sign,DataPoint,0.00047879198540621496,0.0,3
sdk,Category,0.00047866610518327896,0.0,5
software development kits,Category,0.00047866610518327896,0.0,5
gifs,Category,0.00047866610518327896,0.0,5
site traffic,Category,0.00047866610518327896,0.0,5
photo,Category,0.00047853753436330644,1.909942485757028e-06,11
national identity detail,Category,0.00047417755666702405,0.0,3
unique identifi number,Category,0.00047417755666702405,0.0,3
business information,DataPoint,0.00047417755666702405,0.0,3
information about previous dealing with policyholder,Category,0.0004741285513511088,0.0,2
require information for application,Category,0.0004741285513511088,0.0,2
personal information about patient associate with orthodontic treatment,Category,0.0004739199536253945,0.0,2
personal information of information subject,Category,0.0004739199536253945,0.0,2
personal information for ongoing need achieve purpose set in notice,Category,0.0004739199536253945,0.0,2
information about service,Category,0.0004739173167436631,0.0,4
phi for public health activity,Category,0.00047351093603747443,0.0,3
health characteristic,DataPoint,0.00047301928628017907,0.0,3
datum identify you as individual seek health care service,DataPoint,0.00047301928628017907,0.0,3
measurement,DataPoint,0.00047301928628017907,0.0,3
reproductive health,DataPoint,0.00047301928628017907,0.0,3
personal information for,Category,0.0004728243214772603,0.0,2
personal information about visitor on site,Category,0.0004728243214772603,0.0,2
personal information of visitor,Category,0.0004728243214772603,0.0,2
transaction information receive from we to insurance company with you do business,Category,0.00047281481262247057,0.0,2
personal datum be,Category,0.0004728143141140856,0.0,3
credit / debit card number,Category,0.00047222212451230575,1.5704237433887173e-06,16
firewall,DataPoint,0.00047216350765129285,0.0,3
personally referable information,Category,0.00047174073504233126,0.0,2
list of datum controller,Category,0.00047174073504233126,0.0,2
personal data it receive on behalf of healthcare provider in accordance with hipaa notice of privacy practices,Category,0.00047174073504233126,0.0,2
operating system version,Category,0.00047100561295930276,0.0,3
action,Category,0.00047091579154228834,0.0,2
data storage,Category,0.00047019514794945224,0.0,2
datum controller,Category,0.00047019514794945224,0.0,2
anonymize anonymize aspect,Category,0.00047019514794945224,0.0,2
system management,Category,0.00047019514794945224,0.0,2
personal information with trust third party,Category,0.0004683378014087786,0.0,2
information with affiliate who provide product help market to customer,Category,0.0004683378014087786,0.0,2
functional cookies,DataPoint,0.00046825103108014685,0.0,3
artificial intelligence model,Category,0.0004675409118869974,0.0,2
personal datum you agree,Category,0.00046732243550166766,0.0,2
language,Category,0.00046709492406880854,0.0,5
computer type,Category,0.0004660841758853837,0.0,4
information be,DataPoint,0.0004657791760815781,0.0,3
information about equipment,Category,0.00046544732255001823,0.0,3
id information,DataPoint,0.0004653473220746529,0.0,3
delivery information,DataPoint,0.0004653048382521324,0.0,3
advertising cookies,DataPoint,0.00046497560301612376,0.0,3
personal datum not identify you,Category,0.0004649251653928627,0.0,3
eid,Category,0.00046451925001885435,0.0,2
sim serial number,Category,0.00046451925001885435,0.0,2
session replay,Category,0.00046415971566728483,0.0,4
information to i,Category,0.0004637500303716823,0.0,2
personal data relate to use of product,Category,0.0004637500303716823,0.0,2
race / ethnicity,DataPoint,0.0004619357187854699,3.6246054363803773e-06,11
aggregated usage information,Category,0.00046006763739731146,0.0,2
datum about usage,Category,0.00045965089193513575,0.0,2
domain,Category,0.0004593782059119097,0.0,2
operating system type,Category,0.0004593782059119097,0.0,2
system setting,Category,0.0004593782059119097,0.0,2
time zone,Category,0.0004593782059119097,0.0,2
information regard use of website,Category,0.00045807404543040195,0.0,4
information about use of website,DataPoint,0.00045745980955800355,0.0,5
customer data,DataPoint,0.0004559242043633012,0.0,3
consumer health datum,Category,0.0004539783122259378,0.0,3
zip code help,Category,0.00045349930033748503,0.0,3
device usage information,DataPoint,0.0004534764576255968,0.0,3
feedback,Category,0.00045212692554953996,0.0,4
information we collect about you,Category,0.0004511407777746449,0.0,3
content of communication associate with microsoft product,Category,0.0004508296875773927,0.0,3
request regard personal data,Category,0.0004504260558900156,0.0,2
same type,Category,0.0004504260558900156,0.0,2
personal datum for direct marketing,Category,0.0004497235176099422,0.0,2
datum of individual,Category,0.0004497235176099422,0.0,2
personal datum datum subject give consent to processing of own personal datum for specific purpose,Category,0.0004497235176099422,0.0,2
consumer health datum describe above,Category,0.0004482056130999019,0.0,2
consumer,Category,0.0004482056130999019,0.0,2
personal information relate to individual in european economic area,Category,0.00044789602730093114,0.0,2
specific information from you,Category,0.0004467789824346222,0.0,2
personal information we process,Category,0.0004459001868003653,0.0,4
personal information set in table,Category,0.000444912227312259,0.0,2
bank account information,Category,0.00044430344029058584,0.0,4
sensitive information subject,Category,0.00044356364919763246,0.0,2
personal information require for order creation by,Category,0.00044356364919763246,0.0,2
information about use of services,Category,0.00044355331770170686,0.0,5
personal information we have about you,Category,0.0004431194712331679,0.0,3
information from reseller,Category,0.00044244971644832355,0.0,3
statistical datum involve use of site,Category,0.00044228656990494416,0.0,3
email message,Category,0.00044228656990494416,0.0,3
performance cookies,Category,0.00044228656990494416,0.0,3
personal information subject,Category,0.0004418346234112887,0.0,2
personal data provide,Category,0.0004418346234112887,0.0,2
personal information be,Category,0.00044100628330858636,0.0,2
statistic,Category,0.00043853767670686846,0.0,4
face,Category,0.0004383960776886925,0.0,2
iris,Category,0.0004383960776886925,0.0,2
device configuration datum,Category,0.0004383960776886925,0.0,2
store setting,Category,0.0004383960776886925,0.0,2
personal information include spdi,Category,0.00043760947346167405,0.0,2
education record,Category,0.00043691568045139885,0.0,3
personal information with paypal we use in accordance with privacy statement,Category,0.00043667071379244296,0.0,3
usage information send to we,Category,0.00043657693953569766,0.0,4
information make,Category,0.0004365561750412061,0.0,4
information include personal iinformation,Category,0.0004365561750412061,0.0,4
information use cookies about,Category,0.0004365561750412061,0.0,4
internet connection information,DataPoint,0.0004356795116443737,0.0,3
customer number,DataPoint,0.0004352937431871187,0.0,3
information necessary,Category,0.00043523358418255057,0.0,2
payment information with fastlane,Category,0.0004344495404501249,0.0,4
information with company,Category,0.0004338554723024598,0.0,3
information to third party,Category,0.0004338554723024598,0.0,3
data file,Category,0.0004335733381815858,0.0,2
information from employer include representative of employer,Category,0.0004334010903058947,0.0,3
protected health information,DataPoint,0.0004328210440079461,0.0,3
personal data from source,DataPoint,0.0004328210440079461,0.0,3
browser characteristics,Category,0.000432809622652002,0.0,3
movement,Category,0.0004327279625362302,0.0,3
browser language,Category,0.00043168516149507145,0.0,4
prior prompt history personalize product,Category,0.00043167869051807963,0.0,2
prompt,Category,0.00043167869051807963,0.0,2
file record interaction with website software,Category,0.00043093223365708026,0.0,3
web beacons,Category,0.0004304462903109537,0.0,3
information collect for purpose set in privacy policy,Category,0.00043016769453281084,0.0,3
information with carrier,Category,0.00043016769453281084,0.0,3
operating system name,Category,0.00043016769453281084,0.0,3
device manufacturer,Category,0.00043016769453281084,0.0,3
performance datum,Category,0.0004297210247190903,0.0,3
information for purpose,Category,0.00042946088505651473,0.0,2
personal information with affiliate,Category,0.00042946088505651473,0.0,2
personal information with third party,Category,0.00042946088505651473,0.0,2
personal information for business purpose,Category,0.00042946088505651473,0.0,2
information for security purpose,Category,0.00042911247212313106,0.0,3
personal datum about participant in patient,Category,0.0004291076638852168,0.0,2
personal datum for targeted advertising,Category,0.0004291076638852168,0.0,2
certification,DataPoint,0.0004289325168830518,0.0,3
log,Category,0.00042834291283899966,0.0,3
student datum,Category,0.00042804998127050155,0.0,2
information for we,Category,0.0004271639921325001,0.0,2
sensitive personal information for purpose be,Category,0.0004268146925744607,0.0,2
proof of sign permission from consumer submit request,Category,0.0004267046612963333,0.0,3
consumer health data,Category,0.0004267046612963333,0.0,3
sensitive personal information describe in supplemental notice for,Category,0.0004267046612963333,0.0,3
personal information from public source,Category,0.0004266560457533338,0.0,2
personal data relate to individual in mainland china,Category,0.000426537646411135,0.0,2
personal data relate to individual in asean member state,Category,0.000426537646411135,0.0,2
personal data for accounting purpose,Category,0.000426537646411135,0.0,2
personal information teradyne collect for one,Category,0.000426537646411135,0.0,2
information identify relate to describe,Category,0.000426537646411135,0.0,2
personal data necessary,Category,0.000426537646411135,0.0,2
personal data describe in section,Category,0.000426537646411135,0.0,2
personal information you choose,Category,0.00042580137385506036,0.0,3
information enable we,Category,0.0004256894458347035,0.0,4
personal information collect,Category,0.0004255692701041829,0.0,3
information about health care professional,Category,0.0004255692701041829,0.0,3
business contact,Category,0.0004255692701041828,0.0,3
personal datum for cross - context behavioral advertising,Category,0.0004252079186088941,0.0,2
information we collect about you from mobile application,Category,0.00042481596255427754,0.0,3
sufficient detail allow,Category,0.00042439499540677494,0.0,2
access log information,Category,0.0004241808602204508,0.0,2
chatbot conversation,Category,0.0004239483255930545,0.0,2
personal datum provide,Category,0.0004239483255930545,0.0,2
nature,Category,0.0004239483255930545,0.0,2
marketing contact,Category,0.0004239483255930545,0.0,2
request datum in structured,Category,0.0004239483255930545,0.0,2
datum about performance of zebra product experience,Category,0.0004239483255930545,0.0,2
product preference information,Category,0.0004239483255930545,0.0,2
personal datum cover to third party as part of transaction include due diligence process,Category,0.0004239483255930545,0.0,2
datum it collect for basic purpose process transaction for sale of zebra product,Category,0.0004239483255930545,0.0,2
user interaction,Category,0.0004239483255930545,0.0,2
selection,Category,0.0004239483255930545,0.0,2
datum about hardware,Category,0.0004239483255930545,0.0,2
postal mail,Category,0.0004239483255930545,0.0,2
product feature use datum,Category,0.0004239483255930545,0.0,2
information use for authentication,Category,0.0004239483255930545,0.0,2
account,Category,0.0004237182654327629,0.0,3
gpc signal,Category,0.0004236881859304789,0.0,2
record of request,Category,0.0004236881859304789,0.0,2
information from closed account,Category,0.0004236881859304789,0.0,2
error report,Category,0.0004236881859304789,0.0,2
profile information,Category,0.0004236881859304789,0.0,2
information about customer,Category,0.0004236881859304789,0.0,2
information available,Category,0.0004236881859304789,0.0,2
personal information provide in verifiable consumer request verify identity,Category,0.0004236881859304789,0.0,2
information locate you in record,Category,0.0004236881859304789,0.0,2
first party,Category,0.0004236881859304789,0.0,2
personal information provide,Category,0.0004236881859304789,0.0,2
personal information from,Category,0.0004236881859304789,0.0,2
audio datum,Category,0.0004224628682977233,0.0,2
complete name,Category,0.0004224628682977233,0.0,2
financial subscription information,Category,0.0004224628682977233,0.0,2
personal information personal information,Category,0.0004223100740503881,0.0,3
information about user,Category,0.0004223100740503881,0.0,3
personal information for purpose,Category,0.0004223100740503881,0.0,3
collected information,Category,0.0004223100740503881,0.0,3
activity information,Category,0.0004223100740503881,0.0,3
relevant personal information,Category,0.0004223100740503881,0.0,3
information about attendance with company,Category,0.00042223209252986857,0.0,2
record of deletion,Category,0.00042223209252986857,0.0,2
device identifier,Category,0.00042133620643086667,0.0032966095431776346,24
ad response measurement,Category,0.00042125237123468345,0.0,4
datum about transfer of value you receive from we,Category,0.00042071285645385554,0.0,2
information provide to,Category,0.00042071285645385554,0.0,2
personal datum moderna hold about you accord to applicable procedure,Category,0.00042071285645385554,0.0,2
debit card,DataPoint,0.000420290610706227,0.0,3
information about use of website include specific health condition you view,Category,0.00042009062242954435,0.0,4
information require for specific context,Category,0.000419796570978147,0.0,2
personal datum for legitimate interest consistent,Category,0.000419796570978147,0.0,2
datum obtain,Category,0.000419796570978147,0.0,2
information about individuals for datum analytic purpose,Category,0.000419796570978147,0.0,2
program participant information,Category,0.000419796570978147,0.0,2
browser,Category,0.0004197770599336501,0.0,2
voice print,Category,0.0004193357669089019,0.0,3
receive information,Category,0.0004190432634282417,0.0,2
information generate about use of services,Category,0.0004190432634282417,0.0,2
android robot,Category,0.0004190432634282417,0.0,2
number,Category,0.0004187160484260804,0.0,3
detail about,Category,0.0004187160484260804,0.0,3
detail of participation take as part of employment,Category,0.0004184412043647646,0.0,2
specific information,Category,0.0004179154868044431,0.0,2
information collect from you,Category,0.0004179154868044431,0.0,2
information relevant,Category,0.0004179154868044431,0.0,2
analytical information about,Category,0.0004179154868044431,0.0,2
job application,Category,0.0004179154868044431,0.0,2
information in de - identify form,Category,0.0004179154868044431,0.0,2
information we collect from you to company,Category,0.0004179154868044431,0.0,2
type of,Category,0.0004179154868044431,0.0,2
datum from third party,Category,0.0004179154868044431,0.0,2
identifiers,Category,0.0004179154868044431,0.0,2
information for duration of contract,Category,0.0004179154868044431,0.0,2
personal information as,Category,0.0004179154868044431,0.0,2
consumer report,Category,0.0004179154868044431,0.0,2
account id,Category,0.0004179154868044431,0.0,2
information to affiliate,Category,0.0004179154868044431,0.0,2
information collect to i,Category,0.0004179154868044431,0.0,2
password information,Category,0.0004179154868044431,0.0,2
information prevent re - registration,Category,0.0004179154868044431,0.0,2
information we collect from,Category,0.0004179154868044431,0.0,2
information relate to action you perform,Category,0.0004179154868044431,0.0,2
click stream datum,Category,0.0004179154868044431,0.0,2
personal datum create,Category,0.0004179154868044431,0.0,2
information about whether,Category,0.0004179154868044431,0.0,2
deidentifie information use,Category,0.0004179154868044431,0.0,2
information provide service to you,Category,0.0004179154868044431,0.0,2
name of customer,Category,0.0004179154868044431,0.0,2
personal datum comply with,Category,0.0004179154868044431,0.0,2
information for period of time necessary,Category,0.0004179154868044431,0.0,2
personal information for marketing,Category,0.0004179154868044431,0.0,2
combine information for purpose identify,Category,0.0004179154868044431,0.0,2
personal information for period necessary,Category,0.0004179154868044431,0.0,2
personal information for marketing activity include event,Category,0.0004179154868044431,0.0,2
information free,Category,0.0004179154868044431,0.0,2
information we collect from you,Category,0.0004179154868044431,0.0,2
information with social medium account provider,Category,0.0004179154868044431,0.0,2
statistical information,Category,0.0004179154868044431,0.0,2
deidentified information in deidentifie form,Category,0.0004179154868044431,0.0,2
information collect through data collection tool,Category,0.0004179154868044431,0.0,2
information you provide in,Category,0.0004179154868044431,0.0,2
information relate to you,Category,0.0004179154868044431,0.0,2
personal information for purpose describe in section,Category,0.0004179154868044431,0.0,2
information from publicly available source,Category,0.0004179154868044431,0.0,2
information require,Category,0.0004179154868044431,0.0,2
information respond to,Category,0.0004179154868044431,0.0,2
mobile information,Category,0.0004179154868044431,0.0,2
personal information|doe,Category,0.0004179154868044431,0.0,2
personal datum require,Category,0.0004179154868044431,0.0,2
aggregate,Category,0.0004179154868044431,0.0,2
datum we collect from you,Category,0.0004179154868044431,0.0,2
information we get from google analytics,Category,0.0004179154868044431,0.0,2
information from computer,Category,0.00041756707387105937,0.0,3
sensitive personal information describe in policy for purpose,Category,0.00041756707387105937,0.0,3
sensitive personal data describe in policy for,Category,0.00041756707387105937,0.0,3
small text file send,Category,0.0004175670738710593,0.0,3
information on lecture,Category,0.00041754578557864013,0.0,2
personal information relate to product safety with relevant national regulatory authority require to,Category,0.00041754578557864013,0.0,2
personal personal information,Category,0.00041754578557864013,0.0,2
personal information it have legal ground for,Category,0.00041754578557864013,0.0,2
personal information of individual cover on server outside european economic area,Category,0.00041689504726648367,0.0,2
hardware model,Category,0.00041687268576328436,0.0,3
information you permit social network,Category,0.0004168577839887384,0.0,3
device datum,Category,0.000416709885871815,0.0,4
datum identify in personal datum we collect,Category,0.000416709885871815,0.0,4
personal information we obtain about you,Category,0.0004165614380002177,0.0,3
personal information from source we combine with personal information we collect,Category,0.0004165614380002177,0.0,3
personal information for purpose list,Category,0.0004165614380002177,0.0,3
sensitive personal information for purpose list,Category,0.0004165614380002177,0.0,3
personal datum we have about you,Category,0.0004165373749243524,0.0,3
publicly available information contain personal data you publish,Category,0.0004165373749243523,0.0,3
information from private source as,Category,0.0004165373749243523,0.0,3
information from email provider as,Category,0.0004165373749243523,0.0,3
information with government entity,Category,0.0004165373749243523,0.0,3
analytical information about video you view on site,Category,0.0004165373749243523,0.0,3
view information on site,Category,0.0004165373749243523,0.0,3
date time stamp,Category,0.0004165373749243523,0.0,3
instruction from doctor,Category,0.0004165373749243523,0.0,3
website management,Category,0.0004165373749243523,0.0,3
unique browser identifier,Category,0.0004165373749243523,0.0,3
information from third party,Category,0.0004165373749243523,0.0,3
non - public personal information,Category,0.0004165373749243523,0.0,3
information you enter,Category,0.0004165373749243523,0.0,3
cross - device use,Category,0.0004165373749243523,0.0,3
publicly available datum,Category,0.0004165373749243523,0.0,3
information collect through track technology,Category,0.0004165373749243523,0.0,3
financial condition information,Category,0.0004165373749243523,0.0,3
javascript,Category,0.0004165373749243523,0.0,3
information you provide to we on website,Category,0.0004165373749243523,0.0,3
personal information about individual,Category,0.0004165373749243523,0.0,3
access to datum,Category,0.0004165373749243523,0.0,3
information on websites,Category,0.00041632408585777383,0.0,3
activity information on website,Category,0.00041590932425017755,0.0,3
behavioral information,Category,0.00041590932425017755,0.0,3
personal data disclose on message board,Category,0.0004155750841074334,0.0,2
detail of overseas recipient,Category,0.0004155750841074334,0.0,2
personal data collect about you,Category,0.0004155750841074334,0.0,2
public key,Category,0.0004155750841074334,0.0,2
information collect about you,Category,0.0004155750841074334,0.0,2
information in relation to use of services,Category,0.0004155750841074334,0.0,2
telephone,Category,0.0004155750841074334,0.0,2
information obtain through feature,Category,0.0004151592630442616,0.0,2
personal information on behalf,Category,0.0004151592630442616,0.0,2
information about online preference,Category,0.0004151592630442616,0.0,2
information about interaction with website,Category,0.00041453121237008684,0.0,3
photograph collect from certification candidate for identity verification check,Category,0.00041453064792984116,0.0,3
processor data,Category,0.00041453064792984116,0.0,3
recording of meeting,Category,0.00041453064792984116,0.0,3
account login credential,Category,0.00041453064792984116,0.0,3
current list,Category,0.00041427715184441134,0.0,2
information contain in online profile,Category,0.0004129433493000446,0.0,3
datum tell we,Category,0.0004129433493000446,0.0,3
windows diagnostic datum,Category,0.0004129433493000446,0.0,3
voice datum you submit,Category,0.0004129433493000446,0.0,3
list of user,Category,0.0004127793335552581,0.0,2
information for period of time reasonably necessary except,Category,0.0004121427876784072,0.0,2
business,Category,0.0004121427876784072,0.0,2
information serve legitimate business purpose,Category,0.0004121427876784072,0.0,2
email link,Category,0.0004121427876784072,0.0,2
information for day,Category,0.0004121427876784072,0.0,2
personal information with oppose party,Category,0.0004121427876784072,0.0,2
personal information from you,Category,0.0004121427876784072,0.0,2
sign declaration confirm identity,Category,0.0004121427876784072,0.0,2
different level of service,Category,0.0004121427876784072,0.0,2
information fulfil purpose describe,Category,0.0004121427876784072,0.0,2
originator opt datum information,Category,0.0004121427876784072,0.0,2
request information,Category,0.0004121427876784072,0.0,2
device installation,Category,0.0004121427876784072,0.0,2
online transaction,Category,0.0004121427876784072,0.0,2
datum relate to error diagnostic report,Category,0.0004121427876784072,0.0,2
information with third party for advertising,Category,0.0004121427876784072,0.0,2
information for,Category,0.0004121427876784072,0.0,2
network code,Category,0.0004121427876784072,0.0,2
many choice regard use of personal information for advertising purpose,Category,0.0004121427876784072,0.0,2
different personal datum,Category,0.0004121427876784072,0.0,2
personal information contain in standard back up,Category,0.0004121427876784072,0.0,2
scroll keyboard character entry,Category,0.0004121427876784072,0.0,2
security researcher,Category,0.0004121427876784072,0.0,2
automate technology,Category,0.0004121427876784072,0.0,2
applicable associated privacy notices,Category,0.0004121427876784072,0.0,2
datum to,Category,0.0004121427876784072,0.0,2
category of personal data,Category,0.0004121427876784072,0.0,2
cv resume,Category,0.0004121427876784072,0.0,2
information about use of regeneron sites,Category,0.0004121427876784072,0.0,2
account profile,Category,0.0004121427876784072,0.0,2
information we obtain from third party,Category,0.0004121427876784072,0.0,2
web tracker,Category,0.0004121427876784072,0.0,2
personal information datum about system with developer,Category,0.0004121427876784072,0.0,2
information we obtain from social medium platform,Category,0.0004121427876784072,0.0,2
information we collect through product,Category,0.0004121427876784072,0.0,2
information you submit to we for day,Category,0.0004121427876784072,0.0,2
combine personal information,Category,0.0004121427876784072,0.0,2
personal information about current prospective black knight personnel with third party,Category,0.0004121427876784072,0.0,2
personal information installer for purpose of,Category,0.0004121427876784072,0.0,2
solar information site information financial information transaction information usage information,Category,0.0004121427876784072,0.0,2
categories of third party to we sell solar information financial information transaction information usage information device datum,Category,0.0004121427876784072,0.0,2
important information for australian user,Category,0.0004121427876784072,0.0,2
personal information for purpose describe with,Category,0.0004121427876784072,0.0,2
software identifier,Category,0.0004121427876784072,0.0,2
information with installer,Category,0.0004121427876784072,0.0,2
information provide in pre - filming questionnaire,Category,0.0004121427876784072,0.0,2
reference,Category,0.0004121427876784072,0.0,2
web activity,Category,0.0004121427876784072,0.0,2
identifier associate with point of contact within exist customer for duration of contract with f5,Category,0.0004121427876784072,0.0,2
identifier associate with non - customer person collect in context of sale until,Category,0.0004121427876784072,0.0,2
information on interest in product,Category,0.0004121427876784072,0.0,2
picture,Category,0.0004121427876784072,0.0,2
information we collect for lawful purpose associate with growth of business,Category,0.0004121427876784072,0.0,2
technical control,Category,0.0004121427876784072,0.0,2
personal information under applicable datum protection law,Category,0.0004121427876784072,0.0,2
recording of conversation,Category,0.0004121427876784072,0.0,2
personal datum among fico affiliate,Category,0.0004121427876784072,0.0,2
account login credential for duration of account,Category,0.0004121427876784072,0.0,2
number of visitor to page of websites,Category,0.0004121427876784072,0.0,2
inference for same period of time for we retain underlie datum,Category,0.0004121427876784072,0.0,2
information with partner in research program be,Category,0.0004121427876784072,0.0,2
information with lawyer,Category,0.0004121427876784072,0.0,2
personal information in reliance,Category,0.0004121427876784072,0.0,2
personal information base on consent,Category,0.0004121427876784072,0.0,2
total number of visitor to websites,Category,0.0004121427876784072,0.0,2
info specific health condition,Category,0.0004121427876784072,0.0,2
non - identifiable information,Category,0.0004121427876784072,0.0,2
personal information between united states,Category,0.0004121427876784072,0.0,2
record of contact,Category,0.0004121427876784072,0.0,2
domain name of internet service providers,Category,0.0004121427876784072,0.0,2
information among affiliated company locate for marketing in circumstance where appropriate,Category,0.0004121427876784072,0.0,2
personal datum from customer,Category,0.0004121427876784072,0.0,2
page visit,Category,0.0004121427876784072,0.0,2
web link,Category,0.0004121427876784072,0.0,2
information on server locate in united,Category,0.0004121427876784072,0.0,2
information on general user conduct within website,Category,0.0004121427876784072,0.0,2
fico score,Category,0.0004121427876784072,0.0,2
certificate,Category,0.0004121427876784072,0.0,2
office address,Category,0.0004121427876784072,0.0,2
information about processing of personal data address specific processing activity,Category,0.0004121427876784072,0.0,2
personal information to consumer reporting,Category,0.0004121427876784072,0.0,2
personal information with partners.|identifer,Category,0.0004121427876784072,0.0,2
personal datum for tv,Category,0.0004121427876784072,0.0,2
configuration datum,Category,0.0004121427876784072,0.0,2
credit report,Category,0.0004121427876784072,0.0,2
status,Category,0.0004121427876784072,0.0,2
datum about device,Category,0.0004121427876784072,0.0,2
personal information collect via consumer connect site to member be,Category,0.0004121427876784072,0.0,2
information on action we have,Category,0.0004121427876784072,0.0,2
most information about you,Category,0.0004121427876784072,0.0,2
note relate to support provide to,Category,0.0004121427876784072,0.0,2
memory state of device,Category,0.0004121427876784072,0.0,2
personal information for purpose mention,Category,0.0004121427876784072,0.0,2
record of correspondence,Category,0.0004121427876784072,0.0,2
minimum personal datum,Category,0.0004121427876784072,0.0,2
system,Category,0.0004121427876784072,0.0,2
information about individual from third party source as,Category,0.0004121427876784072,0.0,2
information from enterprise user,Category,0.0004121427876784072,0.0,2
personal datum for business purpose list,Category,0.0004121427876784072,0.0,2
personal datum within water,Category,0.0004121427876784072,0.0,2
information you provide we with advertising,Category,0.0004121427876784072,0.0,2
information relate to registration in event,Category,0.0004121427876784072,0.0,2
unique id,Category,0.0004121427876784072,0.0,2
information verify identity where necessary,Category,0.0004121427876784072,0.0,2
personal information in computer backup,Category,0.0004121427876784072,0.0,2
piece of information about you,Category,0.0004121427876784072,0.0,2
information you submit to we,Category,0.0004121427876784072,0.0,2
device specific information,Category,0.0004121427876784072,0.0,2
individual demographic information,Category,0.0004121427876784072,0.0,2
preference information,Category,0.0004121427876784072,0.0,2
crash datum generate,Category,0.0004121427876784072,0.0,2
personal information for purpose be,Category,0.0004121427876784072,0.0,2
personal information use automate human method,Category,0.0004121427876784072,0.0,2
personalized advice,Category,0.0004121427876784072,0.0,2
prediction,Category,0.0004121427876784072,0.0,2
recommendation,Category,0.0004121427876784072,0.0,2
personal information with third party who provide feature,Category,0.0004121427876784072,0.0,2
personal information with collection agency,Category,0.0004121427876784072,0.0,2
sensitive personal information provide for minimum period of time require,Category,0.0004121427876784072,0.0,2
sensitive personal information with security control as,Category,0.0004121427876784072,0.0,2
record of relationship,Category,0.0004121427876784072,0.0,2
record for legal,Category,0.0004121427876784072,0.0,2
anonymous aggregate website traffic,Category,0.0004121427876784072,0.0,2
personal information with third party advertising company with we contract in order support targeted advertising program we offer,Category,0.0004121427876784072,0.0,2
information with third party service provider,Category,0.0004121427876784072,0.0,2
detail about privacy practice,Category,0.0004121427876784072,0.0,2
product usage,Category,0.0004121427876784072,0.0,2
information with coinbase company,Category,0.0004121427876784072,0.0,2
wallet address,Category,0.0004121427876784072,0.0,2
information about you as basic customer information,Category,0.0004121427876784072,0.0,2
audio recording of meeting you attend with ptc,Category,0.0004121427876784072,0.0,2
cctv footage for safety of ptc,Category,0.0004121427876784072,0.0,2
swiss u.s. data,Category,0.0004121427876784072,0.0,2
information we collect for purpose,Category,0.0004121427876784072,0.0,2
personal information with commercially reasonable information technology,Category,0.0004121427876784072,0.0,2
archival copy of information you request,Category,0.0004121427876784072,0.0,2
personal information provide in verification process,Category,0.0004121427876784072,0.0,2
sign document from agent authorize agent,Category,0.0004121427876784072,0.0,2
information from information service provide demographic information to we,Category,0.0004121427876784072,0.0,2
information from government agency include from tax agency as tax filing confirmation from irs,Category,0.0004121427876784072,0.0,2
information about computer browser type system,Category,0.0004121427876784072,0.0,2
standard server log information,Category,0.0004121427876784072,0.0,2
statistical information about,Category,0.0004121427876784072,0.0,2
information you send to we,Category,0.0004121427876784072,0.0,2
audio recording of call,Category,0.0004121427876784072,0.0,2
information about online application you use,Category,0.0004121427876784072,0.0,2
information from social medium,Category,0.0004121427876784072,0.0,2
web server log,Category,0.0004121427876784072,0.0,2
personal information from affiliate,Category,0.0004121427876784072,0.0,2
third party information,Category,0.0004121427876784072,0.0,2
personal information from customer who purchase gift card for you from merchant with whom we do business,Category,0.0004121427876784072,0.0,2
information enhance,Category,0.0004121427876784072,0.0,2
personal information provide to we,Category,0.0004121427876784072,0.0,2
personal information comply with legal obligation,Category,0.0004121427876784072,0.0,2
communication for training,Category,0.0004121427876784072,0.0,2
option object to call record,Category,0.0004121427876784072,0.0,2
personalize content base upon to extent,Category,0.0004121427876784072,0.0,2
personal information deidentifie,Category,0.0004121427876784072,0.0,2
datum on technical interest of site visitor,Category,0.0004121427876784072,0.0,2
measurement relate to health,Category,0.0004121427876784072,0.0,2
reproductive information,Category,0.0004121427876784072,0.0,2
datum identify consumer seek health care service,Category,0.0004121427876784072,0.0,2
relate datum derive,Category,0.0004121427876784072,0.0,2
authorize legal representative,Category,0.0004121427876784072,0.0,2
service logs in a,Category,0.0004121427876784072,0.0,2
information from source,Category,0.0004121427876784072,0.0,2
information from government source,Category,0.0004121427876784072,0.0,2
tokenized payment detail,Category,0.0004121427876784072,0.0,2
meeting you have,Category,0.0004121427876784072,0.0,2
global privacy control signals,Category,0.0004121427876784072,0.0,2
use industry standard gpc signals,Category,0.0004121427876784072,0.0,2
personal information for legitimate business purpose,Category,0.0004121427876784072,0.0,2
information verify identify,Category,0.0004121427876784072,0.0,2
information you request,Category,0.0004121427876784072,0.0,2
call recording for quality assurance purpose,Category,0.0004121427876784072,0.0,2
digital photo,Category,0.0004121427876784072,0.0,2
social medium identifier,Category,0.0004121427876784072,0.0,2
transfer of personal information,Category,0.0004121427876784072,0.0,2
datum about website you visit,Category,0.0004121427876784072,0.0,2
record of purchase by physician customer,Category,0.0004121427876784072,0.0,2
information from vendor,Category,0.0004121427876784072,0.0,2
personal information for legal enforcement purpose,Category,0.0004121427876784072,0.0,2
datum about you be,Category,0.0004121427876784072,0.0,2
information about response to email,Category,0.0004121427876784072,0.0,2
personal data we have legitimate interest,Category,0.0004121427876784072,0.0,2
information you provide via chat feature include transcript of conversation with customer service representative,Category,0.0004121427876784072,0.0,2
personal information list in capacity as service provider to customer,Category,0.0004121427876784072,0.0,2
information about relevant loan,Category,0.0004121427876784072,0.0,2
information pertain to salary,Category,0.0004121427876784072,0.0,2
screen name,Category,0.0004121427876784072,0.0,2
personal information to service provider,Category,0.0004121427876784072,0.0,2
research datum,Category,0.0004121427876784072,0.0,2
response,Category,0.0004121427876784072,0.0,2
personal information relate to participation in event,Category,0.0004121427876784072,0.0,2
privacy statement for product,Category,0.0004121427876784072,0.0,2
personal information within intuit group company,Category,0.0004121427876784072,0.0,2
bookkeeping detail,Category,0.0004121427876784072,0.0,2
recommendation from credit karma,Category,0.0004121427876784072,0.0,2
information about question you ask,Category,0.0004121427876784072,0.0,2
business connection datum,Category,0.0004121427876784072,0.0,2
personal information obtain from third party,Category,0.0004121427876784072,0.0,2
free credit report,Category,0.0004121427876784072,0.0,2
detail of product you purchase from we,Category,0.0004121427876784072,0.0,2
online account information,Category,0.0004121427876784072,0.0,2
copy of information for archival purpose,Category,0.0004121427876784072,0.0,2
datum concern,Category,0.0004121427876784072,0.0,2
personal information submit for organization purchase product,Category,0.0004121427876784072,0.0,2
personal information with third party not list,Category,0.0004121427876784072,0.0,2
personal information collect with parent,Category,0.0004121427876784072,0.0,2
sensitive personal information you provide,Category,0.0004121427876784072,0.0,2
personal information for purpose describe in privacy statement,Category,0.0004121427876784072,0.0,2
personal information with third party partner who send you,Category,0.0004121427876784072,0.0,2
personal information with service provider as host,Category,0.0004121427876784072,0.0,2
personal information with western digital affiliate company,Category,0.0004121427876784072,0.0,2
customer datum,Category,0.0004121427876784072,0.0,2
link,Category,0.0004121427876784072,0.0,2
cctv,Category,0.0004121427876784072,0.0,2
preference in,Category,0.0004121427876784072,0.0,2
marketing datum,Category,0.0004121427876784072,0.0,2
browsing information about visitor,Category,0.0004121427876784072,0.0,2
historical information,Category,0.0004121427876784072,0.0,2
comment,Category,0.0004121427876784072,0.0,2
information with social medium,Category,0.0004121427876784072,0.0,2
customer insight,Category,0.0004121427876784072,0.0,2
product recommendation,Category,0.0004121427876784072,0.0,2
size,Category,0.0004121427876784072,0.0,2
individual communicate with gilead,Category,0.0004121427876784072,0.0,2
information about gilead program with you engage,Category,0.0004121427876784072,0.0,2
detail about interaction with you,Category,0.0004121427876784072,0.0,2
information regard circumstance create conflict of interest,Category,0.0004121427876784072,0.0,2
clinical information update,Category,0.0004121427876784072,0.0,2
record of information,Category,0.0004121427876784072,0.0,2
personal information for marketing purpose,Category,0.0004121427876784072,0.0,2
threat intelligence datum,Category,0.0004121427876784072,0.0,2
datum storage,Category,0.0004121427876784072,0.0,2
security datum,Category,0.0004121427876784072,0.0,2
diagnostic information,Category,0.0004121427876784072,0.0,2
pseudonymous datum with advertising network,Category,0.0004121427876784072,0.0,2
personal information about individual we not have from for,Category,0.0004121427876784072,0.0,2
information relate to services,Category,0.0004121427876784072,0.0,2
relate information we require fall outside scope of privacy statement,Category,0.0004121427876784072,0.0,2
personal information with company own,Category,0.0004121427876784072,0.0,2
different information relate to processing of personal information,Category,0.0004121427876784072,0.0,2
personal datum base on legitimate interest,Category,0.0004121427876784072,0.0,2
personal information with third party for business purpose,Category,0.0004121427876784072,0.0,2
credential in combination with required security,Category,0.0004121427876784072,0.0,2
account log in,Category,0.0004121427876784072,0.0,2
personal information provide in opt request review,Category,0.0004121427876784072,0.0,2
personal information about healthcare professional,Category,0.0004121427876784072,0.0,2
ii personal information of healthcare provider involve in clinical trial healthcare provider provide safety information,Category,0.0004121427876784072,0.0,2
personal information with gilead group company,Category,0.0004121427876784072,0.0,2
above personal information for business purpose,Category,0.0004121427876784072,0.0,2
information from business partner,Category,0.0004121427876784072,0.0,2
information we collect for marketing purpose,Category,0.0004121427876784072,0.0,2
information we collect about you on website,Category,0.0004121427876784072,0.0,2
information exchange during phone conversation,Category,0.0004121427876784072,0.0,2
badge with photo identification,Category,0.0004121427876784072,0.0,2
personal information on computer in united states,Category,0.0004121427876784072,0.0,2
career datum,Category,0.0004121427876784072,0.0,2
technical usage information,Category,0.0004121427876784072,0.0,2
fastlane profile information with participate partners,Category,0.0004121427876784072,0.0,2
content of message you send to we,Category,0.0004121427876784072,0.0,2
datum about interaction with website,Category,0.0004121427876784072,0.0,2
inference draw from personal information about individual web page you view,Category,0.0004121427876784072,0.0,2
personal datum about third party,Category,0.0004121427876784072,0.0,2
information regard your,Category,0.0004121427876784072,0.0,2
number assign to computer,Category,0.0004121427876784072,0.0,2
insight,Category,0.0004121427876784072,0.0,2
action tag,Category,0.0004121427876784072,0.0,2
personal datum about number of,Category,0.0004121427876784072,0.0,2
personal datum about individual be,Category,0.0004121427876784072,0.0,2
good working,Category,0.0004121427876784072,0.0,2
personal datum of,Category,0.0004121427876784072,0.0,2
experience customer come,Category,0.0004121427876784072,0.0,2
warranty,Category,0.0004121427876784072,0.0,2
capital,Category,0.0004121427876784072,0.0,2
information for california,Category,0.0004121427876784072,0.0,2
information we collect with corporate affiliate,Category,0.0004121427876784072,0.0,2
personal datum for backup,Category,0.0004121427876784072,0.0,2
personal datum relate to child under year of age you choose,Category,0.0004121427876784072,0.0,2
global positioning system,Category,0.0004121427876784072,0.0,2
name information from visa participate digital wallet for purpose of processing payment transaction between,Category,0.0004121427876784072,0.0,2
personal information method detail,Category,0.0004121427876784072,0.0,2
image identify you through,Category,0.0004121427876784072,0.0,2
payment method,Category,0.0004121427876784072,0.0,2
main type,Category,0.0004121427876784072,0.0,2
script,Category,0.0004121427876784072,0.0,2
anonymous aggregated dataset,Category,0.0004121427876784072,0.0,2
information from source verify licensure status of veterinarian who register on website,Category,0.0004121427876784072,0.0,2
statistical information about use of services,Category,0.0004121427876784072,0.0,2
category of personal datum,Category,0.0004121427876784072,0.0,2
personal datum of health care professional,Category,0.0004121427876784072,0.0,2
information fulfill purpose describe,Category,0.0004121427876784072,0.0,2
information for purpose describe in privacy policy,Category,0.0004121427876784072,0.0,2
information about site use,Category,0.0004121427876784072,0.0,2
social medium cookies link to button on social medium,Category,0.0004121427876784072,0.0,2
personal information process,Category,0.0004121427876784072,0.0,2
inference draw from personal information,Category,0.0004121427876784072,0.0,2
information provide with information we have in record,Category,0.0004121427876784072,0.0,2
personal information with outside service provider,Category,0.0004121427876784072,0.0,2
datum about use of site,Category,0.0004121427876784072,0.0,2
datum you choose,Category,0.0004121427876784072,0.0,2
sensitive personal information for purpose not subject,Category,0.0004121427876784072,0.0,2
personal information from third party social medium platform,Category,0.0004121427876784072,0.0,2
personal information from employer,Category,0.0004121427876784072,0.0,2
personal information from service provider,Category,0.0004121427876784072,0.0,2
personal information from government agency,Category,0.0004121427876784072,0.0,2
personal information from consumer reporting,Category,0.0004121427876784072,0.0,2
statistical information about use of service,Category,0.0004121427876784072,0.0,2
information about retention,Category,0.0004121427876784072,0.0,2
request consistent,Category,0.0004121427876784072,0.0,2
specific datum processing information,Category,0.0004121427876784072,0.0,2
information regard interaction with internet website,Category,0.0004121427876784072,0.0,2
usage information relate to chatbot interaction as content you view,Category,0.0004121427876784072,0.0,2
non - exempt datum,Category,0.0004121427876784072,0.0,2
password hint information,Category,0.0004121427876784072,0.0,2
log information,Category,0.0004121427876784072,0.0,2
information among affiliate,Category,0.0004121427876784072,0.0,2
opt option,Category,0.0004121427876784072,0.0,2
list of third,Category,0.0004121427876784072,0.0,2
information regard gender identity,Category,0.0004121427876784072,0.0,2
detail of share you hold as number of share,Category,0.0004121427876784072,0.0,2
datum we collect on aggregate basis for business purpose where permissible,Category,0.0004121427876784072,0.0,2
personal information with member of goldman sachs family of company,Category,0.0004121427876784072,0.0,2
datum we collect on aggregate,Category,0.0004121427876784072,0.0,2
track of activity,Category,0.0004121427876784072,0.0,2
datum collect through they,Category,0.0004121427876784072,0.0,2
personal information about customer,Category,0.0004121427876784072,0.0,2
store information about user preference,Category,0.0004121427876784072,0.0,2
information of healthcare professional,Category,0.0004121427876784072,0.0,2
available personal information to third party platform we use,Category,0.0004121427876784072,0.0,2
personal information for purpose set,Category,0.0004121427876784072,0.0,2
personal information under applicable law,Category,0.0004121427876784072,0.0,2
available personal information to third party,Category,0.0004121427876784072,0.0,2
statistical information about use of websites,Category,0.0004121427876784072,0.0,2
specific information about individual right,Category,0.0004121427876784072,0.0,2
different category of information for different period of time,Category,0.0004121427876784072,0.0,2
relate information about you,Category,0.0004121427876784072,0.0,2
for professional information,Category,0.0004121427876784072,0.0,2
information about use of sites,Category,0.0004121427876784072,0.0,2
customer support,Category,0.0004121427876784072,0.0,2
optional identifier,Category,0.0004121427876784072,0.0,2
personal datum for business need,Category,0.0004121427876784072,0.0,2
information about job role,Category,0.0004121427876784072,0.0,2
relationship with end users,Category,0.0004121427876784072,0.0,2
information of type describe in section title,Category,0.0004121427876784072,0.0,2
information reveal health information as,Category,0.0004121427876784072,0.0,2
information we collect for own research purpose include,Category,0.0004121427876784072,0.0,2
testimonial,Category,0.0004121427876784072,0.0,2
controller for datum,Category,0.0004121427876784072,0.0,2
different service quality,Category,0.0004121427876784072,0.0,2
personal information for everyday business purpose,Category,0.0004121427876784072,0.0,2
data privacy hotline,Category,0.0004121427876784072,0.0,2
important information,Category,0.0004121427876784072,0.0,2
personal datum about individual from source describe,Category,0.0004121427876784072,0.0,2
information from party,Category,0.0004121427876784072,0.0,2
few example for source,Category,0.0004121427876784072,0.0,2
application information,Category,0.0004121427876784072,0.0,2
snapshot privacy statement,Category,0.0004121427876784072,0.0,2
ibmid information,Category,0.0004121427876784072,0.0,2
opt electronic preference signal,Category,0.0004121427876784072,0.0,2
personal information base on one,Category,0.0004121427876784072,0.0,2
spi collect about you for business,Category,0.0004121427876784072,0.0,2
write proof,Category,0.0004121427876784072,0.0,2
title position,Category,0.0004121427876784072,0.0,2
personal information among affiliate for business,Category,0.0004121427876784072,0.0,2
sensory datum,Category,0.0004121427876784072,0.0,2
datum from public source include,Category,0.0004121427876784072,0.0,2
information from industry group,Category,0.0004121427876784072,0.0,2
personal information to government official,Category,0.0004121427876784072,0.0,2
job applicant,Category,0.0004121427876784072,0.0,2
personal data you choose,Category,0.0004121427876784072,0.0,2
health datum for clinical trial,Category,0.0004121427876784072,0.0,2
nonpublic personal information you provide to market service to you in future,Category,0.0004121427876784072,0.0,2
consumer report information among prudential company include information about you from credit report,Category,0.0004121427876784072,0.0,2
network speed,Category,0.0004121427876784072,0.0,2
mobile country code,Category,0.0004121427876784072,0.0,2
information relate to performance of device,Category,0.0004121427876784072,0.0,2
information in research program,Category,0.0004121427876784072,0.0,2
personal information in connection with service,Category,0.0004121427876784072,0.0,2
information content view,Category,0.0004121427876784072,0.0,2
information collect for purpose set in privacy,Category,0.0004121427876784072,0.0,2
mobile data,Category,0.0004121427876784072,0.0,2
information we collect about you with aflac corporate,Category,0.0004121427876784072,0.0,2
information to person identify in our,Category,0.0004121427876784072,0.0,2
personal information about california,Category,0.0004121427876784072,0.0,2
registration for course,Category,0.0004121427876784072,0.0,2
transactional data,Category,0.0004121427876784072,0.0,2
inferred data,Category,0.0004121427876784072,0.0,2
information about customer of client,Category,0.0004121427876784072,0.0,2
audiovisual data,Category,0.0004121427876784072,0.0,2
information we receive,Category,0.0004121427876784072,0.0,2
general demographic information about site user,Category,0.0004121427876784072,0.0,2
financial transaction,Category,0.0004121427876784072,0.0,2
activity on website,Category,0.0004121427876784072,0.0,2
event management,Category,0.0004121427876784072,0.0,2
information relate to sensitive personal information,Category,0.0004121427876784072,0.0,2
information to you,Category,0.0004121427876784072,0.0,2
information in manner,Category,0.0004121427876784072,0.0,2
industry standard informed consent form,Category,0.0004121427876784072,0.0,2
photographs,Category,0.0004121427876784072,0.0,2
video footage,Category,0.0004121427876784072,0.0,2
california personal information about you,Category,0.0004121427876784072,0.0,2
california personal information for business purpose describe above,Category,0.0004121427876784072,0.0,2
personal datum about individual who not interact with we,Category,0.0004121427876784072,0.0,2
contact preferences,Category,0.0004121427876784072,0.0,2
preference limit use of sensitive personal information,Category,0.0004121427876784072,0.0,2
personal information about child from parent guardian,Category,0.0004121427876784072,0.0,2
non - public personal information with franklin templeton company,Category,0.0004121427876784072,0.0,2
personal information we obtain to,Category,0.0004121427876784072,0.0,2
relevant information for hospitality,Category,0.0004121427876784072,0.0,2
purposes.| |information,Category,0.0004121427876784072,0.0,2
unique identification number,Category,0.0004121427876784072,0.0,2
datum about customer,Category,0.0004121427876784072,0.0,2
information for period necessary,Category,0.0004121427876784072,0.0,2
information about asset under management,Category,0.0004121427876784072,0.0,2
information regard appeal process,Category,0.0004121427876784072,0.0,2
personal information collect after november,Category,0.0004121427876784072,0.0,2
policy holder,Category,0.0004121427876784072,0.0,2
livecommunity,Category,0.0004121427876784072,0.0,2
nonpublic personal information,Category,0.0004121427876784072,0.0,2
sweepstake,Category,0.0004121427876784072,0.0,2
personal information from third party we combine with personal information we collect from individual,Category,0.0004121427876784072,0.0,2
information about reason for inquiry,Category,0.0004121427876784072,0.0,2
information about authorized user of product,Category,0.0004121427876784072,0.0,2
datum privacy information,Category,0.0004121427876784072,0.0,2
information improve business operation,Category,0.0004121427876784072,0.0,2
marketing preference,Category,0.0004121427876784072,0.0,2
information investigate malicious activity for support purpose,Category,0.0004121427876784072,0.0,2
child name,Category,0.0004121427876784072,0.0,2
personal datum connect to payment card,Category,0.0004121427876784072,0.0,2
information with organizational client,Category,0.0004121427876784072,0.0,2
rfid information,Category,0.0004121427876784072,0.0,2
information regard,Category,0.0004121427876784072,0.0,2
information connect to website visit,Category,0.0004121427876784072,0.0,2
content be,Category,0.0004121427876784072,0.0,2
contest,Category,0.0004121427876784072,0.0,2
pseudonymize datum for secondary purpose,Category,0.0004121427876784072,0.0,2
datum about visit,Category,0.0004121427876784072,0.0,2
number of visitor to site,Category,0.0004121427876784072,0.0,2
information on server locate in united states,Category,0.0004121427876784072,0.0,2
flash lso,Category,0.0004121427876784072,0.0,2
information describe above in combination with information we obtain as,Category,0.0004121427876784072,0.0,2
information about threat,Category,0.0004121427876784072,0.0,2
information describe,Category,0.0004121427876784072,0.0,2
information with affiliate help we with activity describe in privacy policy,Category,0.0004121427876784072,0.0,2
health care outcomes analysis,Category,0.0004121427876784072,0.0,2
sufficient information,Category,0.0004121427876784072,0.0,2
information about job applicant from several source,Category,0.0004121427876784072,0.0,2
publicly available information on social medium platform,Category,0.0004121427876784072,0.0,2
basic information from former employee about employment at ibm,Category,0.0004121427876784072,0.0,2
claim,Category,0.0004121427876784072,0.0,2
information about business operation,Category,0.0004121427876784072,0.0,2
information regard connection,Category,0.0004121427876784072,0.0,2
contractual relationship information with,Category,0.0004121427876784072,0.0,2
contractual relationship information for administrative purpose,Category,0.0004121427876784072,0.0,2
ibmid,Category,0.0004121427876784072,0.0,2
personal information of applicant base on legitimate interest source suitable talent,Category,0.0004121427876784072,0.0,2
personal information for credit protection be,Category,0.0004121427876784072,0.0,2
personal datum you choose,Category,0.0004121427876784072,0.0,2
information relate to product,Category,0.0004121427876784072,0.0,2
information you provide for datum analysis,Category,0.0004121427876784072,0.0,2
datum base on personal information,Category,0.0004121427876784072,0.0,2
flash local shared objects,Category,0.0004121427876784072,0.0,2
personal information about california resident,Category,0.0004121427876784072,0.0,2
information about spouse,Category,0.0004121427876784072,0.0,2
identifiers.|disclosure for business purpose service provider reinsurers,Category,0.0004121427876784072,0.0,2
information about retiree for,Category,0.0004121427876784072,0.0,2
employment datum,Category,0.0004121427876784072,0.0,2
information regard business purpose for we use datum,Category,0.0004121427876784072,0.0,2
card,Category,0.0004121427876784072,0.0,2
information we collect about website user,Category,0.0004121427876784072,0.0,2
information for online ad targeting,Category,0.0004121427876784072,0.0,2
datum with advertising platform,Category,0.0004121427876784072,0.0,2
sensitive personal datum where reasonably necessary,Category,0.0004121427876784072,0.0,2
information for reasonable period of time base on public interest official authority,Category,0.0004121427876784072,0.0,2
information for reasonable period of time base on particular interest,Category,0.0004121427876784072,0.0,2
datum of individual we think,Category,0.0004121427876784072,0.0,2
issue identification datum,Category,0.0004121427876784072,0.0,2
social medium username,Category,0.0004121427876784072,0.0,2
financial holding datum,Category,0.0004121427876784072,0.0,2
recorded voice,Category,0.0004121427876784072,0.0,2
usage statistic,Category,0.0004121427876784072,0.0,2
information gather from use of product,Category,0.0004121427876784072,0.0,2
information in use,Category,0.0004121427876784072,0.0,2
data feed,Category,0.0004121427876784072,0.0,2
sensitive personal information for permissible business purpose as,Category,0.0004121427876784072,0.0,2
record of communication,Category,0.0004121427876784072,0.0,2
actuarial analysis,Category,0.0004121427876784072,0.0,2
benchmark report,Category,0.0004121427876784072,0.0,2
information collect through website,Category,0.0004121427876784072,0.0,2
information track number of visitor we receive,Category,0.0004121427876784072,0.0,2
information about health,Category,0.0004121427876784072,0.0,2
sensitive information about you,Category,0.0004121427876784072,0.0,2
information about criminal record,Category,0.0004121427876784072,0.0,2
information about interaction with sites,Category,0.0004121427876784072,0.0,2
globally information about you,Category,0.0004121427876784072,0.0,2
patient personal information,Category,0.0004121427876784072,0.0,2
information we collect for purpose identify,Category,0.0004121427876784072,0.0,2
information about product we think,Category,0.0004121427876784072,0.0,2
different type of information,Category,0.0004121427876784072,0.0,2
request with controller business be,Category,0.0004121427876784072,0.0,2
different kind of personal information,Category,0.0004121427876784072,0.0,2
personal information with marketing agency,Category,0.0004121427876784072,0.0,2
minimum personal information,Category,0.0004121427876784072,0.0,2
electronic communication,Category,0.0004121427876784072,0.0,2
information about criminal conviction,Category,0.0004121427876784072,0.0,2
profile datum,Category,0.0004121427876784072,0.0,2
calendar event,Category,0.0004121427876784072,0.0,2
medium,Category,0.0004121427876784072,0.0,2
evidence have,Category,0.0004121427876784072,0.0,2
personal datum of employee,Category,0.0004121427876784072,0.0,2
tracker,Category,0.0004121427876784072,0.0,2
personal information for business,Category,0.0004121427876784072,0.0,2
information in line,Category,0.0004121427876784072,0.0,2
information you give to we in survey,Category,0.0004121427876784072,0.0,2
information with micron,Category,0.0004121427876784072,0.0,2
information across micron,Category,0.0004121427876784072,0.0,2
information with court,Category,0.0004121427876784072,0.0,2
information about creditworthiness with credit bureaus,Category,0.0004121427876784072,0.0,2
datum we collect from cookies,Category,0.0004121427876784072,0.0,2
important business update affect you,Category,0.0004121427876784072,0.0,2
educational material,Category,0.0004121427876784072,0.0,2
risk report,Category,0.0004121427876784072,0.0,2
information from third party datum provider background screening,Category,0.0004121427876784072,0.0,2
information relate to participation in launchpad program,Category,0.0004121427876784072,0.0,2
information from organization you represent,Category,0.0004121427876784072,0.0,2
device characteristic,Category,0.0004121427876784072,0.0,2
information about interaction with sites as,Category,0.0004121427876784072,0.0,2
information describe in privacy notice for purpose,Category,0.0004121427876784072,0.0,2
personal datum for security purpose,Category,0.0004121427876784072,0.0,2
personal informationfor,Category,0.0004121427876784072,0.0,2
biographical identifier,Category,0.0004121427876784072,0.0,2
datum offer administer,Category,0.0004121427876784072,0.0,2
installation,Category,0.0004121427876784072,0.0,2
hardware information,Category,0.0004121427876784072,0.0,2
network type,Category,0.0004121427876784072,0.0,2
feature datum,Category,0.0004121427876784072,0.0,2
detail of,Category,0.0004121427876784072,0.0,2
installation datum describe,Category,0.0004121427876784072,0.0,2
error datum,Category,0.0004121427876784072,0.0,2
error,Category,0.0004121427876784072,0.0,2
dataset collect,Category,0.0004121427876784072,0.0,2
|public image,Category,0.0004121427876784072,0.0,2
audio video,Category,0.0004121427876784072,0.0,2
information we collect for business purpose,Category,0.0004121427876784072,0.0,2
kind of personal information,Category,0.0004121427876784072,0.0,2
datum relate to company,Category,0.0004121427876784072,0.0,2
personal information you include in content you upload,Category,0.0004121427876784072,0.0,2
datum relate to use of service,Category,0.0004121427876784072,0.0,2
personal information relate to purchase in shopping cart,Category,0.0004121427876784072,0.0,2
information from webshop provider,Category,0.0004121427876784072,0.0,2
personal information for purpose describe in,Category,0.0004121427876784072,0.0,2
training evaluation form,Category,0.0004121427876784072,0.0,2
information on legal basis of processing of your,Category,0.0004121427876784072,0.0,2
datum encryption,Category,0.0004121427876784072,0.0,2
personal information enable service provider to,Category,0.0004121427876784072,0.0,2
information on applicable retention period from we,Category,0.0004121427876784072,0.0,2
datum access from microsoft,Category,0.0004121427876784072,0.0,2
email datum,Category,0.0004121427876784072,0.0,2
specific detail about,Category,0.0004121427876784072,0.0,2
website form,Category,0.0004121427876784072,0.0,2
specific piece of personal datum we collect about you in portable,Category,0.0004121427876784072,0.0,2
personal information we obtain about you for purpose set,Category,0.0004121427876784072,0.0,2
payment transaction,Category,0.0004121427876784072,0.0,2
personal information for fraud,Category,0.0004121427876784072,0.0,2
information about personal information,Category,0.0004121427876784072,0.0,2
ssl encryption,Category,0.0004121427876784072,0.0,2
online property,Category,0.0004121427876784072,0.0,2
personal information for fraud prevention purpose,Category,0.0004121427876784072,0.0,2
personal information in number of way,Category,0.0004121427876784072,0.0,2
nvidia account,Category,0.0004121427876784072,0.0,2
web response time,Category,0.0004121427876784072,0.0,2
error message,Category,0.0004121427876784072,0.0,2
history of content you have,Category,0.0004121427876784072,0.0,2
viewed.|we use content view history,Category,0.0004121427876784072,0.0,2
sensitive personal information about you,Category,0.0004121427876784072,0.0,2
information enable we to,Category,0.0004121427876784072,0.0,2
request history,Category,0.0004121427876784072,0.0,2
payment information with shipping vendor,Category,0.0004121427876784072,0.0,2
rating,Category,0.0004121427876784072,0.0,2
information about interactions.|we use email interaction datum,Category,0.0004121427876784072,0.0,2
user profle information,Category,0.0004121427876784072,0.0,2
amount of information,Category,0.0004121427876784072,0.0,2
personal information for fraud prevention,Category,0.0004121427876784072,0.0,2
information from public source,Category,0.0004121427876784072,0.0,2
limit personal information in submission to we,Category,0.0004121427876784072,0.0,2
information about mobile device,Category,0.0004121427876784072,0.0,2
information about interaction with,Category,0.0004121427876784072,0.0,2
information set,Category,0.0004121427876784072,0.0,2
information for purpose permit,Category,0.0004121427876784072,0.0,2
social medium plugin,Category,0.0004121427876784072,0.0,2
mention datum,Category,0.0004121427876784072,0.0,2
datum relate to health in context,Category,0.0004121427876784072,0.0,2
personal information for dns research activity,Category,0.0004121427876784072,0.0,2
type of information about you,Category,0.0004121427876784072,0.0,2
personal information with aon entity for processing purpose outline in statement;|,Category,0.0004121427876784072,0.0,2
appropriate record of personal information,Category,0.0004121427876784072,0.0,2
information on privacy practice,Category,0.0004121427876784072,0.0,2
personal data share information about use of site with social medium,Category,0.0004121427876784072,0.0,2
datum for purpose describe in notice,Category,0.0004121427876784072,0.0,2
personal datum within adi group entity,Category,0.0004121427876784072,0.0,2
ii transactional information,Category,0.0004121427876784072,0.0,2
subscription preference,Category,0.0004121427876784072,0.0,2
information about device of site,Category,0.0004121427876784072,0.0,2
visitor activity on sites,Category,0.0004121427876784072,0.0,2
information relate to use of website,Category,0.0004121427876784072,0.0,2
information we obtain about you for purpose allow,Category,0.0004121427876784072,0.0,2
personal datum within group of company,Category,0.0004121427876784072,0.0,2
personal information reasonably necessary,Category,0.0004121427876784072,0.0,2
professional advice,Category,0.0004121427876784072,0.0,2
small text file store,Category,0.0004121427876784072,0.0,2
usage information for billing purpose,Category,0.0004121427876784072,0.0,2
personal datum for above activity in furtherance of legitimate,Category,0.0004121427876784072,0.0,2
information on device,Category,0.0004121427876784072,0.0,2
personal information with enable technology,Category,0.0004121427876784072,0.0,2
personal information include under,Category,0.0004121427876784072,0.0,2
personal information for targeted advertising purpose,Category,0.0004121427876784072,0.0,2
personal datum for digital advertising purpose,Category,0.0004121427876784072,0.0,2
personal datum with vendor work on behalf for purpose describe in statement,Category,0.0004121427876784072,0.0,2
aggregate metric,Category,0.0004121427876784072,0.0,2
unique id number,Category,0.0004121427876784072,0.0,2
datum help with load,Category,0.0004121427876784072,0.0,2
authenticate deletion request within day of receipt,Category,0.0004121427876784072,0.0,2
information with service provider we believe,Category,0.0004121427876784072,0.0,2
submission,Category,0.0004121427876784072,0.0,2
personal information for purpose describe in privacy policy base on legal ground,Category,0.0004121427876784072,0.0,2
deidentifie information of california resident,Category,0.0004121427876784072,0.0,2
monetary valuable consideration,Category,0.0004121427876784072,0.0,2
different type of,Category,0.0004121427876784072,0.0,2
industry,Category,0.0004121427876784072,0.0,2
traffic pattern,Category,0.0004121427876784072,0.0,2
demographic information about user base,Category,0.0004121427876784072,0.0,2
personal information list to party,Category,0.0004121427876784072,0.0,2
information we gather about you on abbott website with offline record,Category,0.0004121427876784072,0.0,2
personal information for vary time period,Category,0.0004121427876784072,0.0,2
publicly available information,Category,0.0004121427876784072,0.0,2
cache,Category,0.0004121427876784072,0.0,2
personal information for legitimate interest,Category,0.0004121427876784072,0.0,2
personal datum collect through,Category,0.0004121427876784072,0.0,2
personal information we believe,Category,0.0004121427876784072,0.0,2
personal datum collect for the,Category,0.0004121427876784072,0.0,2
online advertisement for abbvie,Category,0.0004121427876784072,0.0,2
public source,Category,0.0004121427876784072,0.0,2
information we have,Category,0.0004121427876784072,0.0,2
information constitute personal data,Category,0.0004121427876784072,0.0,2
personal information for legal reason,Category,0.0004121427876784072,0.0,2
respective personal information,Category,0.0004121427876784072,0.0,2
personal information for processing purposes,Category,0.0004121427876784072,0.0,2
personal data of medium contact for press release distribution,Category,0.0004121427876784072,0.0,2
information to arista affiliate,Category,0.0004121427876784072,0.0,2
datum information embed in product,Category,0.0004121427876784072,0.0,2
time respond,Category,0.0004121427876784072,0.0,2
information protect personal information entrust to abbott,Category,0.0004121427876784072,0.0,2
category of personal data describe from california resident,Category,0.0004121427876784072,0.0,2
personal information with company outside verisign group of company for marketing purpose,Category,0.0004121427876784072,0.0,2
default life span,Category,0.0004121427876784072,0.0,2
information as browser,Category,0.0004121427876784072,0.0,2
personal information describe from one,Category,0.0004121427876784072,0.0,2
process functionality,Category,0.0004121427876784072,0.0,2
access detail,Category,0.0004121427876784072,0.0,2
electronic login record,Category,0.0004121427876784072,0.0,2
token,Category,0.0004121427876784072,0.0,2
information about use of intellidrive r mobile application include frequency of use,Category,0.0004121427876784072,0.0,2
personal datum as datum controller we collect during website visit,Category,0.0004121427876784072,0.0,2
datum about company you work for with information receive from you,Category,0.0004121427876784072,0.0,2
behavioral datum,Category,0.0004121427876784072,0.0,2
information collect through activation,Category,0.0004121427876784072,0.0,2
statistical information on,Category,0.0004121427876784072,0.0,2
information receive in request for purpose of,Category,0.0004121427876784072,0.0,2
proof show,Category,0.0004121427876784072,0.0,2
personal datum section,Category,0.0004121427876784072,0.0,2
copy of government identification,Category,0.0004121427876784072,0.0,2
personal datum for purpose mention,Category,0.0004121427876784072,0.0,2
deidentifie information,Category,0.0004121427876784072,0.0,2
evidence,Category,0.0004121427876784072,0.0,2
guidance on,Category,0.0004121427876784072,0.0,2
category of personal datum for purpose describe in the we use personal datum section as,Category,0.0004121427876784072,0.0,2
personal datum qualify as sensitive datum under applicable u.s. state datum privacy law,Category,0.0004121427876784072,0.0,2
personalized advertising,Category,0.0004121427876784072,0.0,2
relevant suggestion,Category,0.0004121427876784072,0.0,2
datum not know from bing with select third party,Category,0.0004121427876784072,0.0,2
search result,Category,0.0004121427876784072,0.0,2
de - identify device datum,Category,0.0004121427876784072,0.0,2
model datum,Category,0.0004121427876784072,0.0,2
choice about personal datum we collect,Category,0.0004121427876784072,0.0,2
age of customer,Category,0.0004121427876784072,0.0,2
necessary information submit appeal at time,Category,0.0004121427876784072,0.0,2
information about placement of ink instrument on device,Category,0.0004121427876784072,0.0,2
image you provide,Category,0.0004121427876784072,0.0,2
optout preference signal,Category,0.0004121427876784072,0.0,2
information about use of feature,Category,0.0004121427876784072,0.0,2
information on you,Category,0.0004121427876784072,0.0,2
personal information for marketing activity,Category,0.0004121427876784072,0.0,2
datum in reliance on compliance mechanism include datum processing agreement base on eu standard contractual clauses,Category,0.0004121427876784072,0.0,2
copy of personal information trimble hold about you,Category,0.0004121427876784072,0.0,2
information measure,Category,0.0004121427876784072,0.0,2
information collect through online services,Category,0.0004121427876784072,0.0,2
combine datum for purpose describe in section,Category,0.0004121427876784072,0.0,2
specific information regard yourself,Category,0.0004121427876784072,0.0,2
link to third party website,Category,0.0004121427876784072,0.0,2
information about transaction with you within corporate family,Category,0.0004121427876784072,0.0,2
pattern of,Category,0.0004121427876784072,0.0,2
internet tag,Category,0.0004121427876784072,0.0,2
datum you provide to we,Category,0.0004121427876784072,0.0,2
datum you input into entry form,Category,0.0004121427876784072,0.0,2
content of file,Category,0.0004121427876784072,0.0,2
content of email,Category,0.0004121427876784072,0.0,2
image datum,Category,0.0004121427876784072,0.0,2
traffic datum,Category,0.0004121427876784072,0.0,2
personal datum not outweigh,Category,0.0004121427876784072,0.0,2
document you upload to onedrive,Category,0.0004121427876784072,0.0,2
voice datum develop,Category,0.0004121427876784072,0.0,2
subscription identifier,Category,0.0004121427876784072,0.0,2
datum we collect through interaction with you,Category,0.0004121427876784072,0.0,2
time information,Category,0.0004121427876784072,0.0,2
information about aspect of,Category,0.0004121427876784072,0.0,2
information associate with file store on device,Category,0.0004121427876784072,0.0,2
report to local health regulator,Category,0.0004121427876784072,0.0,2
personal data for specific activity as clinical trial,Category,0.0004121427876784072,0.0,2
information verify identity,Category,0.0004121427876784072,0.0,2
small file place on computer,Category,0.0004121427876784072,0.0,2
information for lawful business purpose,Category,0.0004121427876784072,0.0,2
information about you communicate with you,Category,0.0004121427876784072,0.0,2
use datum for security management,Category,0.0004121427876784072,0.0,2
publicly available name of company director,Category,0.0004121427876784072,0.0,2
copy,Category,0.0004121427876784072,0.0,2
device setting,Category,0.0004121427876784072,0.0,2
information with regulatory authority,Category,0.0004121427876784072,0.0,2
information with third party where appropriate,Category,0.0004121427876784072,0.0,2
personal information with person,Category,0.0004121427876784072,0.0,2
claim information,Category,0.0004121427876784072,0.0,2
criminal record,Category,0.0004121427876784072,0.0,2
category of personal data describe to affiliate,Category,0.0004121427876784072,0.0,2
personal information for corporate business transactions,Category,0.0004121427876784072,0.0,2
detail about processing,Category,0.0004121427876784072,0.0,2
information collect from google analytics,Category,0.0004121427876784072,0.0,2
personal datum for use describe in policy to recipient,Category,0.0004121427876784072,0.0,2
information you provide to we for,Category,0.0004121427876784072,0.0,2
alternate address,Category,0.0004121427876784072,0.0,2
method of contact,Category,0.0004121427876784072,0.0,2
information about use of service,Category,0.0004121427876784072,0.0,2
information about request for keep purpose,Category,0.0004121427876784072,0.0,2
information about our,Category,0.0004121427876784072,0.0,2
personal information concern child,Category,0.0004121427876784072,0.0,2
phi for public health activity as,Category,0.0004121427876784072,0.0,2
phi for cadaveric organ,Category,0.0004121427876784072,0.0,2
record about you,Category,0.0004121427876784072,0.0,2
treatment reminder,Category,0.0004121427876784072,0.0,2
information about potential side effect,Category,0.0004121427876784072,0.0,2
specific piece of personal data we collect about you in structure,Category,0.0004121427876784072,0.0,2
information collect through service,Category,0.0004121427876784072,0.0,2
information collect about nevada consumer under head privacy notice for nevada residents at end of supplemental notice,Category,0.0004121427876784072,0.0,2
b information relate to way in you interact with services as url of website you visit after,Category,0.0004121427876784072,0.0,2
amount of time spend on particular page,Category,0.0004121427876784072,0.0,2
frequency of use of services,Category,0.0004121427876784072,0.0,2
information about interaction with tip provide,Category,0.0004121427876784072,0.0,2
temporary copy of old photo from windows device,Category,0.0004121427876784072,0.0,2
most recent photo from camera roll folder on android phone,Category,0.0004121427876784072,0.0,2
same set of capability as,Category,0.0004121427876784072,0.0,2
standard device information,Category,0.0004121427876784072,0.0,2
installation date,Category,0.0004121427876784072,0.0,2
app version,Category,0.0004121427876784072,0.0,2
statistic on site usage,Category,0.0004121427876784072,0.0,2
personal information for information sharing,Category,0.0004121427876784072,0.0,2
personal information in identifiable form,Category,0.0004121427876784072,0.0,2
pixel in html email,Category,0.0004121427876784072,0.0,2
information for purpose you agree to,Category,0.0004121427876784072,0.0,2
copy of personal information,Category,0.0004121427876784072,0.0,2
numeric value,Category,0.0004121427876784072,0.0,2
require datum,Category,0.0004121427876784072,0.0,2
network connection,Category,0.0004121427876784072,0.0,2
number of click,Category,0.0004121427876784072,0.0,2
error log,Category,0.0004121427876784072,0.0,2
mobile device carrier information,Category,0.0004121427876784072,0.0,2
datum about use of services,Category,0.0004121427876784072,0.0,2
information about you as demographic information,Category,0.0004121427876784072,0.0,2
information in profile,Category,0.0004121427876784072,0.0,2
support ticket,Category,0.0004121427876784072,0.0,2
record about request,Category,0.0004121427876784072,0.0,2
personal datum relate to participation,Category,0.0004121427876784072,0.0,2
activity information relate to use of sites,Category,0.0004121427876784072,0.0,2
optional first party,Category,0.0004121427876784072,0.0,2
personal information relate to you,Category,0.0004121427876784072,0.0,2
identity information,Category,0.0004121427876784072,0.0,2
preferred time zone,Category,0.0004121427876784072,0.0,2
connection,Category,0.0004121427876784072,0.0,2
account log financial account,Category,0.0004121427876784072,0.0,2
above personal information for purpose of performance of contract with client,Category,0.0004121427876784072,0.0,2
special personal information for purpose,Category,0.0004121427876784072,0.0,2
use share information relate to you,Category,0.0004121427876784072,0.0,2
wallet information information,Category,0.0004121427876784072,0.0,2
information collecting information,Category,0.0004121427876784072,0.0,2
information describe in section,Category,0.0004121427876784072,0.0,2
information where necessary,Category,0.0004121427876784072,0.0,2
business card information,Category,0.0004121427876784072,0.0,2
it| |---|---| |billing information,Category,0.0004121427876784072,0.0,2
information regard helpful health management service,Category,0.0004121427876784072,0.0,2
app log,Category,0.0004121427876784072,0.0,2
professional personal datum,Category,0.0004121427876784072,0.0,2
crash datum,Category,0.0004121427876784072,0.0,2
personal information with authorize party refer to for purpose consistent,Category,0.0004121427876784072,0.0,2
personal information with organization arrange access to product,Category,0.0004121427876784072,0.0,2
personal information on server in jurisdiction,Category,0.0004121427876784072,0.0,2
provide content,Category,0.0004121427876784072,0.0,2
personal correspondence,Category,0.0004121427876784072,0.0,2
profile visibility preference,Category,0.0004121427876784072,0.0,2
personal datum in united states,Category,0.0004121427876784072,0.0,2
information with affiliates,Category,0.0004121427876784072,0.0,2
information associate with account,Category,0.0004121427876784072,0.0,2
personal information permit,Category,0.0004121427876784072,0.0,2
technical information relate to device you use,Category,0.0004121427876784072,0.0,2
personal information for purpose as to,Category,0.0004121427876784072,0.0,2
customer financial data,Category,0.0004121427876784072,0.0,2
help keep personal data,Category,0.0004121427876784072,0.0,2
information on,Category,0.0004121427876784072,0.0,2
non - sensitive personal identifiers,Category,0.0004121427876784072,0.0,2
require information,Category,0.0004121427876784072,0.0,2
drive performance information,Category,0.0004121427876784072,0.0,2
service,Category,0.0004121427876784072,0.0,2
general statistical information,Category,0.0004121427876784072,0.0,2
personal information among member of jpmorgan chase family of company locate outside home country,Category,0.0004121427876784072,0.0,2
relevant choice,Category,0.0004121427876784072,0.0,2
ii information may,Category,0.0004121427876784072,0.0,2
iii information,Category,0.0004121427876784072,0.0,2
information about computer include mobile device,Category,0.0004121427876784072,0.0,2
information obtain from source,Category,0.0004121427876784072,0.0,2
personal information from source,Category,0.0004121427876784072,0.0,2
personal information within adobe family of company for purpose identify,Category,0.0004121427876784072,0.0,2
information for business purpose,Category,0.0004121427876784072,0.0,2
overview,Category,0.0004121427876784072,0.0,2
information from affiliate,Category,0.0004121427876784072,0.0,2
publicly available source,Category,0.0004121427876784072,0.0,2
security number,Category,0.0004121427876784072,0.0,2
pin,Category,0.0004121427876784072,0.0,2
customer service audio recording,Category,0.0004121427876784072,0.0,2
options for managing data collection setting,Category,0.0004121427876784072,0.0,2
forecasting product strategy,Category,0.0004121427876784072,0.0,2
most personal information we process on behalf for,Category,0.0004121427876784072,0.0,2
permanent record of fact you ask we,Category,0.0004121427876784072,0.0,2
information about use of online service,Category,0.0004121427876784072,0.0,2
datum we collect on aggregate basis,Category,0.0004121427876784072,0.0,2
branch security video,Category,0.0004121427876784072,0.0,2
personal information for business purpose include,Category,0.0004121427876784072,0.0,2
personal information among affiliate,Category,0.0004121427876784072,0.0,2
personal information with third party datum controller,Category,0.0004121427876784072,0.0,2
relate personal datum,Category,0.0004121427876784072,0.0,2
management reporting,Category,0.0004121427876784072,0.0,2
personal datum of account holder,Category,0.0004121427876784072,0.0,2
game title,Category,0.0004121427876784072,0.0,2
account holder under age of 18,Category,0.0004121427876784072,0.0,2
email in inbox,Category,0.0004121427876784072,0.0,2
datum we obtain from you,Category,0.0004121427876784072,0.0,2
personal data of person,Category,0.0004121427876784072,0.0,2
information about browser type,Category,0.0004121427876784072,0.0,2
appropriate advice,Category,0.0004121427876784072,0.0,2
personal data use for,Category,0.0004121427876784072,0.0,2
information provide relevant advertising to you regard service,Category,0.0004121427876784072,0.0,2
information with company in capital one family,Category,0.0004121427876784072,0.0,2
information with company we partner with,Category,0.0004121427876784072,0.0,2
personal information for typical business management,Category,0.0004121427876784072,0.0,2
information we list about use of services,Category,0.0004121427876784072,0.0,2
customer account log financial account number,Category,0.0004121427876784072,0.0,2
personal health information,Category,0.0004121427876784072,0.0,2
status as victim of crime,Category,0.0004121427876784072,0.0,2
inferences draw from personal information collect,Category,0.0004121427876784072,0.0,2
premium,Category,0.0004121427876784072,0.0,2
payment history,Category,0.0004121427876784072,0.0,2
policy coverage information,Category,0.0004121427876784072,0.0,2
information about party from you,Category,0.0004121427876784072,0.0,2
datum with u.s. law enforcement agency,Category,0.0004121427876784072,0.0,2
datum collect from public space for,Category,0.0004121427876784072,0.0,2
traffic,Category,0.0004121427876784072,0.0,2
personal information to company in adobe family,Category,0.0004121427876784072,0.0,2
information with third party we engage,Category,0.0004121427876784072,0.0,2
content deliver feature request for information,Category,0.0004121427876784072,0.0,2
information with co - brand credit card partner,Category,0.0004121427876784072,0.0,2
datum on usage of these,Category,0.0004121427876784072,0.0,2
personal information from family member,Category,0.0004121427876784072,0.0,2
personal information from credit reference agency,Category,0.0004121427876784072,0.0,2
personal information for period describe in section,Category,0.0004121427876784072,0.0,2
information on context in you provide personal information before,Category,0.0004121427876784072,0.0,2
information about entity with we share personal information for entity,Category,0.0004121427876784072,0.0,2
software usage,Category,0.0004121427876784072,0.0,2
personal datum need,Category,0.0004121427876784072,0.0,2
personal information with company play role in insurance transaction with you as independent claim adjuster,Category,0.0004121427876784072,0.0,2
personal information participate in insurance support organization,Category,0.0004121427876784072,0.0,2
personal information with financial institution with whom we have joint marketing agreement,Category,0.0004121427876784072,0.0,2
enhance personalized customer experience,Category,0.0004121427876784072,0.0,2
information for debugging,Category,0.0004121427876784072,0.0,2
choice to access,Category,0.0004121427876784072,0.0,2
covid-19 vaccination status,Category,0.0004121427876784072,0.0,2
information in deidentifie form,Category,0.0004121427876784072,0.0,2
information to party connect with company,Category,0.0004121427876784072,0.0,2
share personal information,Category,0.0004121427876784072,0.0,2
unique identifiers,Category,0.0004121427876784072,0.0,2
inferred,Category,0.0004121427876784072,0.0,2
correct username,Category,0.0004121427876784072,0.0,2
personal datum base on lawful basis permit under chinese datum privacy law,Category,0.0004121427876784072,0.0,2
information collect from in country in cme group operate,Category,0.0004121427876784072,0.0,2
personal datum for cross - contextual behavioral advertising,Category,0.0004121427876784072,0.0,2
information about traffic pattern,Category,0.0004121427876784072,0.0,2
product use,Category,0.0004121427876784072,0.0,2
information you provide to we at job fair,Category,0.0004121427876784072,0.0,2
information relate to citizenship status,Category,0.0004121427876784072,0.0,2
information from public domain about individual who work at,Category,0.0004121427876784072,0.0,2
information from public domain individual post on professional,Category,0.0004121427876784072,0.0,2
personal information for purpose describe,Category,0.0004121427876784072,0.0,2
sensitive personal information for business function,Category,0.0004121427876784072,0.0,2
information relate to,Category,0.0004121427876784072,0.0,2
statistic about usage of site,Category,0.0004121427876784072,0.0,2
email information,Category,0.0004121427876784072,0.0,2
information collect from third party,Category,0.0004121427876784072,0.0,2
specific list identify disclosure for business purpose,Category,0.0004121427876784072,0.0,2
personal information provide in verifiable consumer request verify request identity,Category,0.0004121427876784072,0.0,2
transaction confirmation,Category,0.0004121427876784072,0.0,2
change of address information from public source,Category,0.0004121427876784072,0.0,2
personal information with company for business purpose,Category,0.0004121427876784072,0.0,2
drive record,Category,0.0004121427876784072,0.0,2
credit information,Category,0.0004121427876784072,0.0,2
personal datum describe in privacy notice,Category,0.0004121427876784072,0.0,2
information you provide to we for purpose of,Category,0.0004121427876784072,0.0,2
notification datum,Category,0.0004121427876784072,0.0,2
information include personal data,Category,0.0004121427876784072,0.0,2
personal information with liveramp,Category,0.0004121427876784072,0.0,2
process payment,Category,0.0004121427876784072,0.0,2
information we collect with ad tech vendor to extent permit,Category,0.0004121427876784072,0.0,2
information in supplemental notice,Category,0.0004121427876784072,0.0,2
personal information of nevada consumer,Category,0.0004121427876784072,0.0,2
information about product you purchase,Category,0.0004121427876784072,0.0,2
information about browser,Category,0.0004121427876784072,0.0,2
information to vendor who provide website hosting,Category,0.0004121427876784072,0.0,2
copy of prior information for period of time,Category,0.0004121427876784072,0.0,2
information relate to transaction,Category,0.0004121427876784072,0.0,2
datum relate to account,Category,0.0004121427876784072,0.0,2
information contain in inquiry you submit to we regard good,Category,0.0004121427876784072,0.0,2
sharing,Category,0.0004121427876784072,0.0,2
verifiable request,Category,0.0004121427876784072,0.0,2
personal datum we have legitimate interest in,Category,0.0004121427876784072,0.0,2
choice regard personal information we collect,Category,0.0004121427876784072,0.0,2
debug error impair functionality of services we do,Category,0.0004121427876784072,0.0,2
personal information require,Category,0.0004121427876784072,0.0,2
personal information about consumer for business purpose,Category,0.0004121427876784072,0.0,2
personal data we have about you,Category,0.0004121427876784072,0.0,2
information with subsidiary organization,Category,0.0004121427876784072,0.0,2
information with business partner organization,Category,0.0004121427876784072,0.0,2
information sufficient,Category,0.0004121427876784072,0.0,2
information with third party service provider who perform function on behalf,Category,0.0004121427876784072,0.0,2
third party advertising,Category,0.0004121427876784072,0.0,2
category of chd list,Category,0.0004121427876784072,0.0,2
information with service providers enable we,Category,0.0004121427876784072,0.0,2
family member information,Category,0.0004121427876784072,0.0,2
retinal print,Category,0.0004121427876784072,0.0,2
scan of hand,Category,0.0004121427876784072,0.0,2
geometry,Category,0.0004121427876784072,0.0,2
information regard interaction with website,Category,0.0004121427876784072,0.0,2
information contain in,Category,0.0004121427876784072,0.0,2
sign permission indicate,Category,0.0004121427876784072,0.0,2
information we get from adobe analytics,Category,0.0004121427876784072,0.0,2
information we list about use of site,Category,0.0004121427876784072,0.0,2
personal information of employee,Category,0.0004121427876784072,0.0,2
digital session recording,Category,0.0004121427876784072,0.0,2
personal datum associate with order for long period of time as,Category,0.0004121427876784072,0.0,2
previous employment detail,Category,0.0004121427876784072,0.0,2
tendency,Category,0.0004121427876784072,0.0,2
education information be,Category,0.0004121427876784072,0.0,2
education detail,Category,0.0004121427876784072,0.0,2
occupation detail,Category,0.0004121427876784072,0.0,2
historical compensation detail,Category,0.0004121427876784072,0.0,2
investing history,Category,0.0004121427876784072,0.0,2
protect classifications,Category,0.0004121427876784072,0.0,2
personal information regard product you order,Category,0.0004121427876784072,0.0,2
content of mail on company device,Category,0.0004121427876784072,0.0,2
information on behalf,Category,0.00041179437474502353,0.0,2
http header,Category,0.00041109998663724847,0.0,2
domain name system request,Category,0.00041109998663724847,0.0,2
information about device you use as,Category,0.00041109998663724847,0.0,2
personal information item,Category,0.0004110850848627025,0.0,2
information have,Category,0.0004110850848627025,0.0,2
information you access,Category,0.0004110850848627025,0.0,2
personal information we hold about you,Category,0.00041078873887418193,0.0,2
information require under applicable u.s. state law,Category,0.00041078873887418193,0.0,2
version number assign to account,Category,0.00041076467579831644,0.0,2
datum it receive,Category,0.00041076467579831644,0.0,2
microsoft base speech recognition,Category,0.00041076467579831644,0.0,2
attribute,Category,0.00041076467579831644,0.0,2
personal information for cross - contextual behavioral advertising with privacy policy,Category,0.00041076467579831644,0.0,2
personal information for cross - contextual behavioral advertising with management,Category,0.00041076467579831644,0.0,2
personal information for cross - contextual behavioral advertising with,Category,0.00041076467579831644,0.0,2
account datum require,Category,0.00041076467579831644,0.0,2
personal information for cross - contextual behavioral advertising with derived consent,Category,0.00041076467579831644,0.0,2
customer information,Category,0.00041076467579831644,0.0,2
error report information,Category,0.00041076467579831644,0.0,2
specific piece of personal datum we collect,Category,0.00041076467579831644,0.0,2
personal information of financial professional,Category,0.00041076467579831644,0.0,2
personal information collect through program for own purpose,Category,0.00041076467579831644,0.0,2
personal datum collect through program for own purpose,Category,0.00041076467579831644,0.0,2
voice input,Category,0.00041076467579831644,0.0,2
personal information for cross - contextual behavioral advertising with information threat,Category,0.00041076467579831644,0.0,2
personal information for cross - contextual behavioral advertising with information,Category,0.00041076467579831644,0.0,2
information about use of online service include for analytic,Category,0.00041076467579831644,0.0,2
information about use of aig on line services,Category,0.00041076467579831644,0.0,2
information per privacy policy,Category,0.00041076467579831644,0.0,2
personal~~ information,Category,0.00041076467579831644,0.0,2
user profle,Category,0.00041076467579831644,0.0,2
information about user of products,Category,0.00041076467579831644,0.0,2
information for routine background check,Category,0.00041076467579831644,0.0,2
personal information for cross - contextual behavioral advertising with client,Category,0.00041076467579831644,0.0,2
information about user include for,Category,0.00041076467579831644,0.0,2
personal information for cross - contextual behavioral advertising with information consent,Category,0.00041076467579831644,0.0,2
personal information for cross - contextual behavioral advertising with publicly available source,Category,0.00041076467579831644,0.0,2
personal information for cross - contextual behavioral advertising with purpose,Category,0.00041076467579831644,0.0,2
cookies on site,Category,0.00041076467579831644,0.0,2
personal information for cross - contextual behavioral advertising with consent,Category,0.00041076467579831644,0.0,2
information with we,Category,0.00041076467579831644,0.0,2
information obtain,Category,0.00041076467579831644,0.0,2
information about digital activity over time,Category,0.00041076467579831644,0.0,2
specific information regard privacy policy,Category,0.00041076467579831644,0.0,2
bill payment link,Category,0.00041076467579831644,0.0,2
information locate in information collected automatically section above,Category,0.00041076467579831644,0.0,2
conversion information,Category,0.00041076467579831644,0.0,2
machine readable copy of personal data,Category,0.00041076467579831644,0.0,2
personal information of juristic person,Category,0.00041076467579831644,0.0,2
personal information need,Category,0.00041076467579831644,0.0,2
information concern,Category,0.00041076467579831644,0.0,2
information on computer,Category,0.00041076467579831644,0.0,2
access to personal information need,Category,0.00041076467579831644,0.0,2
personal datum for purpose,Category,0.00041076467579831644,0.0,2
amount owe to we,Category,0.00041076467579831644,0.0,2
datum we share,Category,0.00041076467579831644,0.0,2
personal information relate to user of our,Category,0.0004105513867317381,0.0,2
information about use of digital services,Category,0.0004105513867317381,0.0,2
information about use of aig on line services site,Category,0.00041013662512414176,0.0,2
personal information of website,Category,0.00041013662512414176,0.0,2
information gather through data technologies for own purpose,Category,0.00041013662512414176,0.0,2
information about visit to website,Category,0.00041013662512414176,0.0,2
personal datum about customer,Category,0.00040957904946033777,0.0,2
information about customer from,Category,0.00040957904946033777,0.0,2
government identifier,DataPoint,0.0004090511539225401,0.00019021078568587298,8
external threat information gather in situation,Category,0.00040875794880380526,0.0,2
personal datum for business purpose,Category,0.0004084593097218309,0.0,2
device motion information,Category,0.0004083132387474145,0.0,2
personal information with advertising network,Category,0.0004083132387474145,0.0,2
hash set,Category,0.00040717065017400865,0.0,2
information store in microsoft account to third party,Category,0.00040717065017400865,0.0,2
information about app you use,Category,0.00040717065017400865,0.0,2
amount of time you spend during setup,Category,0.00040717065017400865,0.0,2
accurate recognition than base speech recognition,Category,0.00040717065017400865,0.0,2
information with school,Category,0.00040717065017400865,0.0,2
tailor experience datum,Category,0.00040717065017400865,0.0,2
device datum include for,Category,0.00040717065017400865,0.0,2
diagnostic datum collect,Category,0.00040717065017400865,0.0,2
datum necessary,Category,0.00040717065017400865,0.0,2
result text datum,Category,0.00040717065017400865,0.0,2
basic demographic datum,Category,0.00040717065017400865,0.0,2
store preference,Category,0.00040717065017400865,0.0,2
hardware capability of mobile phone device,Category,0.00040717065017400865,0.0,2
share datum,Category,0.00040717065017400865,0.0,2
data item not collect,Category,0.00040717065017400865,0.0,2
demographic information be,Category,0.00040717065017400865,0.0,2
inference,Category,0.0003870523430433499,6.491728600921633e-05,7
cookies,DataPoint,0.0003849937496521379,5.283144265611936e-06,18
financial information,DataPoint,0.0003728720643386243,0.0005763339034532793,5
professional information,DataPoint,0.00036830811666795234,0.0007610063818719154,11
coarse geolocation,DataPoint,0.000365997917899015,2.469452798724864e-06,8
demographic information,Category,0.00035267072232370196,0.0001522277197362402,9
precise geolocation,Category,0.00032281590208898587,1.1370303796766267e-05,9
file,Category,0.00030889994859465157,0.00019996494885356355,8
biometric information,DataPoint,0.00030589416308987805,0.0007347524120216101,12
date,DataPoint,0.0003015739319278412,3.557063970939524e-06,12
information we collect,Category,0.0002920178455560877,4.7098059725680275e-05,4
gender,DataPoint,0.00029064971524479354,0.0003372255829476403,10
Healthcare,Sector,0.0002884087985566696,0.0,56
Financial,Sector,0.0002738949752520084,0.0,62
preference,DataPoint,0.00027307871821173797,6.70038951219211e-05,6
customer,DataPoint,0.00027226021845113834,2.8734680107751985e-06,5
payment datum,DataPoint,0.00027071739780854854,7.59197786692182e-07,7
education information,Category,0.00026526241530239176,0.00015814692193648856,5
personal characteristic,Category,0.0002620728594160213,6.325780455824507e-05,4
non-personal information,Category,0.00025920461022097154,0.00012266719993630565,6
job title,DataPoint,0.00024204121243400148,1.0100097272843478e-06,8
IT,Sector,0.0002419063658197136,0.0,66
search query,Category,0.00024121520150649048,6.578555095706948e-07,7
member identification number,DataPoint,0.00024062188460269006,0.0,1
transaction information,DataPoint,0.00023061752315029765,0.00029411839535821156,6
service provider,Entity,0.00022675149605234782,0.0003771214628668611,48
technical datum,Category,0.00022459440972818562,1.9563061780049862e-05,6
california personal information,Category,0.00022116788379698574,0.00015503414434108926,6
age,DataPoint,0.00021488087040224518,2.9863886453211183e-06,7
voicemail,DataPoint,0.00021391456539241103,0.0,2
sensitive information,Category,0.00021328146470317097,4.289672825497779e-06,8
content,Category,0.000212982292982867,0.000624384521506293,7
marketing information,DataPoint,0.00021219432369664316,6.325780455824507e-05,3
image,DataPoint,0.00021194379061682372,1.9564028288360077e-06,8
bank account,Category,0.00020436390252714286,2.8654976521196014e-06,6
genetic datum,Category,0.0002023465190835772,0.00012651560911649013,4
advertising id,DataPoint,0.0002023049290699258,1.0059809907919155e-06,11
report,Category,0.00020182060864437377,2.7623495440281684e-07,3
preferences,DataPoint,0.0002009196609731027,0.0,3
datum about,Category,0.00019587956125110317,0.0001699612288895109,6
sensitive personal datum,DataPoint,0.0001944619973012845,0.00015708878585148694,4
record,Category,0.00019006542009773132,6.70379961126105e-05,4
professional detail,Category,0.00018989533462984457,2.5935392941153335e-06,6
setting,DataPoint,0.00018890934745734682,6.362611783078215e-05,6
information from you,Category,0.00018825510142962196,7.622277278235848e-05,5
passport number,Category,0.00018821907922191995,1.0725321894322027e-06,8
profile,Category,0.00018616556217749847,0.00013281386344738707,8
opt preference signal,Category,0.0001845512432802979,2.900467021229577e-06,2
identify information,Category,0.00018050715340644564,2.2098796352225343e-06,3
personal detail,Category,0.00017905323746057563,6.997952178204694e-06,5
local storage,Category,0.00017895492702722722,0.0001733834730468347,5
purchase history,DataPoint,0.00017841448519978793,9.016097723769906e-07,6
interaction datum,Category,0.0001784075266339707,0.0005375996988951293,4
protect health information,Category,0.00017592296568695186,3.314819452833802e-05,3
health,DataPoint,0.0001755736747228144,2.746714471474264e-06,5
height,DataPoint,0.0001746905304794864,0.0,1
relate information,Category,0.000173721869879501,0.00010531010174206695,6
medical information,Category,0.00017225553689628517,2.8911705600550176e-06,5
employment history,DataPoint,0.0001710713116302386,8.230905228864399e-07,6
datum about you,Category,0.0001702718268185262,1.346567895711936e-06,4
device information,DataPoint,0.0001702677166198431,0.0015016961806314526,5
amount,DataPoint,0.000170102067070839,1.7494880445511734e-06,4
source,DataPoint,0.00017004965592278513,0.0,1
choice impact privacy in product documentation,DataPoint,0.00016953787230374333,0.0,1
veteran status,DataPoint,0.00016893610008461942,8.992297496791455e-07,5
policy information,DataPoint,0.00016619626567258643,0.00031739396260883657,3
country,DataPoint,0.0001646488631403791,0.0007869354209287103,8
information you provide to we,Category,0.0001646064736704518,3.4132774830102346e-05,5
advertiser,Entity,0.0001634209964560114,0.00019895330575340713,33
financial account,DataPoint,0.00016329615712680986,6.445353607928822e-07,3
communication,Category,0.00016260850699518318,5.426482215379788e-06,4
internet network information,DataPoint,0.00016256030274902798,0.00018748036652635914,4
racial origin,DataPoint,0.00015947077115272706,3.2936209143262724e-06,6
account information,Category,0.00015878656246479954,6.778114630428553e-05,4
sexual orientation,DataPoint,0.0001565956623760288,2.927147220750512e-06,8
business partner,Entity,0.00015626108545749691,0.00016427495871369644,25
loan number,DataPoint,0.00015303399650867713,0.0,1
preference for,DataPoint,0.0001529765645692544,0.0,1
information submit to we for purpose of,DataPoint,0.00015229112993029434,0.0,1
basic personal information,DataPoint,0.00015087191806246843,9.207831813427229e-08,4
online identifier,DataPoint,0.00015086976178944084,2.918981929023996e-06,5
survey information,DataPoint,0.0001501836787171707,0.0,3
detail of relationship,DataPoint,0.00014496169137223,0.0,1
activity,Entity,0.00014435568030254152,4.896921806908765e-05,7
audio information,DataPoint,0.00014321647109129623,0.00034339534501131956,5
relate verification datum,DataPoint,0.00014265798642235024,0.0,1
video,Category,0.00014230916313072016,2.2344338533916782e-05,3
recipient,Category,0.0001421937444279279,4.691390308941173e-05,4
technical information,Category,0.00014147328778894833,0.0003801519337796231,6
technical data,Category,0.00013890901599363024,0.0,3
information you make,DataPoint,0.00013813629059085923,0.0,1
information reasonably related,DataPoint,0.00013813629059085923,0.0,1
information collect,DataPoint,0.00013480457777930455,0.00010146504496578898,4
national origin,Category,0.0001341881625424144,2.5625910834954344e-06,4
social media,Entity,0.00013348511039155408,0.00016754068266493195,33
log datum,Category,0.00013020777475141715,0.00016063829917841588,3
driver's license number,Category,0.0001297334865611905,2.4963198069702426e-06,5
employment information,DataPoint,0.0001293604468102095,0.0006327789357865231,5
marital status,Category,0.00012849092333916927,8.325510337762885e-07,5
time,DataPoint,0.00012837201546294424,0.0,5
analytic provider,Entity,0.00012808875965970732,6.403113661541296e-05,18
usage information,Category,0.00012774230802423752,6.212486178437116e-05,6
education,DataPoint,0.00012764254007820736,0.0,3
specific type,DataPoint,0.00012724677773166896,0.0,2
administrator data,DataPoint,0.00012670366685121236,7.029381577461195e-05,3
payment card,DataPoint,0.00012612542549720408,0.0,2
imei,Category,0.00012469554774219513,4.5432805786493e-07,3
call recording,DataPoint,0.00012283084816118944,0.0,1
account log information,DataPoint,0.00012247820420483092,0.0,1
religion,Category,0.00012240184256433263,2.5594051536609038e-06,4
mac address,Category,0.00012179077118144432,1.7212634484009993e-06,7
mobile subscriber detail,Category,0.00012159227258348235,3.775211043505163e-06,2
account name,Category,0.00011962733182612449,2.6095071510972817e-06,5
account credential,Category,0.00011920726537345888,2.10948208394021e-06,3
employer name,DataPoint,0.00011898827139170365,0.0,1
history,DataPoint,0.0001176737253131928,0.0,2
datum relate to child,Category,0.00011688890177595656,2.7623495440281684e-07,1
online identifiers,DataPoint,0.00011672996051350509,8.618508852360712e-05,3
device capability,Category,0.00011642096537818974,2.7316567713167442e-05,2
time date of access spend on site,DataPoint,0.00011583280956817458,0.0,1
general usage trend for windows app,DataPoint,0.00011541888051947184,0.0,1
datum reflect usage of collect,DataPoint,0.00011541888051947184,0.0,1
share purchasing history,DataPoint,0.00011541888051947184,0.0,1
personal data be,DataPoint,0.00011484137848435786,0.0,1
size type,DataPoint,0.00011484137848435786,0.0,1
profile photograph,DataPoint,0.00011484137848435786,0.0,1
chat datum,DataPoint,0.00011484137848435786,0.0,1
target advertising,DataPoint,0.00011484137848435786,0.0,1
political contribution,DataPoint,0.00011484137848435786,0.0,1
number of user,DataPoint,0.00011484137848435786,0.0,1
name of individual signing document,DataPoint,0.00011484137848435786,0.0,1
local shared objects,Entity,0.00011457325513383997,9.207831813427229e-07,3
optional diagnostic datum,Category,0.00011439649325944293,1.1049398176112674e-06,1
favorite,DataPoint,0.00011428229783593026,0.0,2
financial account information,Category,0.00011363756531801927,7.352663153597126e-05,4
social security,DataPoint,0.00011302721029025458,1.9547632703079954e-06,4
registration information,DataPoint,0.00011302088203612209,0.0,2
account number,Category,0.00011279105115352055,1.6859214985512127e-06,5
sign declaration be,DataPoint,0.00011270085119277195,0.0,1
information associate with,DataPoint,0.00011260559832531846,0.0,1
professional data,DataPoint,0.00011259814920292662,0.00030216757598122116,3
professional title,DataPoint,0.00011253992118761194,0.0,2
fax,Category,0.00011231770912900507,2.5727765361046667e-08,2
interaction on website use,DataPoint,0.0001120856437625891,0.0,1
medical history,Category,0.00011072235918477912,3.9441648706810497e-07,2
relevant information,Category,0.00011072235918477912,0.0,2
survey,Entity,0.00011057646594159139,3.069277271142409e-08,3
alias,Category,0.00011043229662381298,2.8152307850214803e-06,5
bank account detail,DataPoint,0.0001101687428312411,0.0,1
advertisement,Entity,0.00011011889434556807,2.8308774327863794e-07,3
educational history,DataPoint,0.00011004474195928116,0.0,3
employment,DataPoint,0.00010941426179212588,0.0,1
product review connect to you,DataPoint,0.00010941426179212588,0.0,1
npi,Category,0.00010915947003132569,4.0828889879779385e-07,2
tracking pixel,Category,0.00010878548756616371,3.0159188539168476e-07,2
religious belief,DataPoint,0.00010842800947194887,3.0395465681096156e-06,5
specific piece of information about you,Category,0.00010759305778738768,2.5594703164056552e-06,1
city,DataPoint,0.00010718312207577148,5.100912021188343e-07,2
bank account number,Category,0.00010698545927058481,7.835416063822412e-07,4
loan account information,DataPoint,0.00010694430928677237,6.325780455824507e-05,2
entry to event on forum,DataPoint,0.00010622292525893327,0.0,1
category of personal information process,DataPoint,0.00010622292525893327,0.0,1
note of interaction with you,DataPoint,0.00010622292525893327,0.0,1
resume information,DataPoint,0.00010622292525893327,0.0,1
contact preference,Category,0.00010603505098987904,6.325780455824507e-05,3
phone information,DataPoint,0.00010570182524877736,0.0,1
voiceprint,DataPoint,0.00010524797732326015,3.2137818700398145e-06,3
related datum,Category,0.00010448307297800463,6.798381698937115e-05,2
signature,Category,0.00010440749851996829,7.835416063822412e-07,3
health insurance information,Category,0.00010440749851996829,7.835416063822412e-07,3
zebra,Entity,0.00010383104345417895,9.190434943516426e-06,1
benefit option,DataPoint,0.00010363244377590574,0.0,1
contribution level,DataPoint,0.00010363244377590574,0.0,1
fis,Entity,0.0001035747596380581,6.823003373749579e-05,1
browse datum,DataPoint,0.00010339078829901897,0.0,1
edge setting,DataPoint,0.00010339078829901897,0.0,1
life habit,DataPoint,0.00010303158872574068,0.0,1
consumption habit,DataPoint,0.00010303158872574068,0.0,1
types,DataPoint,0.00010303158872574068,0.0,1
records,DataPoint,0.00010303158872574068,0.0,1
Broadcom,Company,0.0001026052352353233,0.0,1
information about business,Category,0.00010243786699511177,9.44991881456485e-07,3
online information,Category,0.00010211551594291692,1.6630571965958034e-05,3
behavior,Category,0.00010158704511674689,7.835416063822412e-07,3
business data,Category,0.00010140356141811124,0.0001507539508215363,3
political opinion,DataPoint,0.00010018753055621477,1.366144248387955e-06,2
photograph,DataPoint,9.989457058995231e-05,2.6095071510972817e-06,5
tax withholding information,DataPoint,9.974699594313844e-05,0.0,1
lifestyle information,DataPoint,9.930946795423863e-05,0.0001897734136747352,2
web form datum,DataPoint,9.874531895090016e-05,0.0,1
temporary internet file,DataPoint,9.874531895090016e-05,0.0,1
plan information,DataPoint,9.842261718927758e-05,0.00012651560911649013,2
company,DataPoint,9.815602325083806e-05,0.0,1
beneficiary information,DataPoint,9.753576642431654e-05,6.325780455824507e-05,2
download error,DataPoint,9.747810426072889e-05,0.0,2
navigation path between page,DataPoint,9.709407505628258e-05,0.0,1
computer device operating system type,DataPoint,9.709407505628258e-05,0.0,1
version number,DataPoint,9.709407505628258e-05,0.0,1
manufacturer,DataPoint,9.709407505628258e-05,0.0,1
state identification number,DataPoint,9.696387684335521e-05,0.0,1
national identification number,DataPoint,9.696387684335521e-05,0.0,1
driver,DataPoint,9.696387684335521e-05,0.0,1
billing information,DataPoint,9.664891565935551e-05,0.0,1
message content,DataPoint,9.664891565935551e-05,0.0,1
customer record,DataPoint,9.664891565935551e-05,0.0,1
license card number,DataPoint,9.664891565935551e-05,0.0,1
account detail,DataPoint,9.664891565935551e-05,0.0,1
insurance policy number,DataPoint,9.664891565935551e-05,0.0,1
issue identifiers,DataPoint,9.664891565935551e-05,0.0,1
demographic data,DataPoint,9.594341370938814e-05,0.00015802174030476695,2
response to survey,DataPoint,9.541781298830424e-05,0.0,1
device camera,DataPoint,9.469248811541916e-05,0.0,1
Facebook,Entity,9.4646502870875e-05,1.6735055584103216e-05,4
device activity,DataPoint,9.411498608030518e-05,0.0,1
device health,DataPoint,9.411498608030518e-05,0.0,1
Personal Information Privacy and Security Association (Vancouver),Entity,9.407746940411303e-05,4.4337312876431603e-05,11
beacon,DataPoint,9.377676757941009e-05,7.174750438502202e-07,5
medical condition,Category,9.369084159381767e-05,2.3243613837823388e-07,3
Oracle,Entity,9.365088075826699e-05,6.4746076883102e-06,1
health information,DataPoint,9.35192650236887e-05,2.5594051536609038e-06,4
permit special category,DataPoint,9.34575791261629e-05,0.0,1
associated nondisclosure information,DataPoint,9.34575791261629e-05,0.0,1
information submit to we in job application,DataPoint,9.34575791261629e-05,0.0,1
organizer information,Category,9.307784909571852e-05,1.69424105367061e-05,2
financial account number,DataPoint,9.291169950541382e-05,2.66384762261671e-06,5
"The Online Privacy Company (Abine, Inc.)",Entity,9.285641956507953e-05,9.76970195879031e-06,3
union membership,Category,9.187414054684861e-05,1.1345444573050616e-06,4
characteristic,Category,9.184906075008332e-05,2.1713332655564512e-07,3
Microsoft,Entity,9.170149626458988e-05,6.726077621186989e-05,4
specific piece of california personal information,DataPoint,9.107729060220913e-05,0.0,1
url,DataPoint,9.084216597419513e-05,1.2884265952652234e-06,3
Google,Entity,9.06815959994893e-05,5.468336763261258e-05,14
genotypic,DataPoint,9.068051585068627e-05,0.0,1
raw dna sequence datum,DataPoint,9.068051585068627e-05,0.0,1
system information,DataPoint,9.026624259297031e-05,0.0,1
service providers,Entity,9.02005825390576e-05,2.464078921987398e-05,7
plan,DataPoint,8.98560279104643e-05,0.0,1
travel history,DataPoint,8.98560279104643e-05,0.0,1
general health datum,DataPoint,8.98560279104643e-05,0.0,1
different information,Category,8.978308478838759e-05,1.638994062790047e-05,2
information browser send,Category,8.978308478838759e-05,0.0,2
combine information,Category,8.978308478838759e-05,1.638994062790047e-05,2
preference datum,Category,8.978308478838759e-05,0.0,2
postal code,DataPoint,8.936722717862684e-05,0.0,1
transaction data,DataPoint,8.929548995968713e-05,7.835416063822412e-07,3
sensitive datum,DataPoint,8.876817470945478e-05,0.0,1
invoice,DataPoint,8.873167589618889e-05,0.0,2
datum we collect,Category,8.871100958984523e-05,1.638994062790047e-05,3
blockchain address,DataPoint,8.857228733196965e-05,0.0,1
customer id,DataPoint,8.857228733196965e-05,0.0,1
eligibility information,DataPoint,8.857228733196965e-05,0.0,1
cryptocurrency transaction detail,DataPoint,8.857228733196965e-05,0.0,1
credit history,DataPoint,8.857228733196965e-05,0.0,1
leader board position,DataPoint,8.857228733196965e-05,0.0,1
result,DataPoint,8.857228733196965e-05,0.0,1
commercial information about transaction with apollo,DataPoint,8.857228733196965e-05,0.0,1
commercial information apollo receive from consumer reporting agency as credit history,DataPoint,8.857228733196965e-05,0.0,1
de,DataPoint,8.857228733196965e-05,0.0,1
key coding,DataPoint,8.857228733196965e-05,0.0,1
law enforcement,Entity,8.855253018668976e-05,1.7581224093808068e-05,10
fingerprint,Category,8.78760417404419e-05,1.3604243753013772e-06,5
marketing,Entity,8.741794266983114e-05,2.533741002565546e-05,5
sex life,DataPoint,8.738805050407097e-05,6.54403042856354e-07,3
advertising preference,DataPoint,8.723263914662611e-05,0.0,2
type of computer,DataPoint,8.71424196675652e-05,0.0,1
information we collect with information we receive from source,DataPoint,8.712253249350446e-05,0.0,1
datum allow,DataPoint,8.707490605977772e-05,0.0,1
personal datum in electronic format,DataPoint,8.707490605977772e-05,0.0,1
date time stamp for visitor,DataPoint,8.707490605977772e-05,0.0,1
inference about,DataPoint,8.707490605977772e-05,0.0,1
information for individuals reside in united states,DataPoint,8.707490605977772e-05,0.0,1
security code,DataPoint,8.707490605977772e-05,0.0,1
specific piece of personal information we collect about you,DataPoint,8.707490605977772e-05,0.0,1
personal datum we process about you,DataPoint,8.707490605977772e-05,0.0,1
posting,DataPoint,8.707490605977772e-05,0.0,1
expiration date,DataPoint,8.707490605977772e-05,0.0,1
name on,DataPoint,8.707490605977772e-05,0.0,1
footage,DataPoint,8.707490605977772e-05,0.0,1
passport,Category,8.685514635475658e-05,7.835416063822412e-07,3
ti,Entity,8.667117054869525e-05,4.181677810143424e-06,1
mps,Entity,8.643072120176264e-05,4.9855514741169745e-06,1
juniper networks,Entity,8.600164348783979e-05,6.926210431921394e-06,1
honorific,DataPoint,8.600018102576243e-05,0.0,2
network traffic datum,Category,8.574159573369061e-05,1.4697979095945853e-07,2
professional employment information,DataPoint,8.565727105650722e-05,6.325780455824507e-05,2
mid - term adjustment,DataPoint,8.527698964778031e-05,0.0,1
policy start,DataPoint,8.527698964778031e-05,0.0,1
risk profile,DataPoint,8.527698964778031e-05,0.0,1
detail of policy coverage,DataPoint,8.527698964778031e-05,0.0,1
reason,DataPoint,8.527698964778031e-05,0.0,1
non - prudential company perform service for we for everyday business purpose as,Entity,8.518639583138637e-05,8.635411602359168e-06,1
web browser data,DataPoint,8.51598656361241e-05,0.0,1
require diagnostic datum,Category,8.510472375940091e-05,3.31175017556266e-05,3
demographic datum,Category,8.477042029154617e-05,0.0,2
time stamp,DataPoint,8.455859209274179e-05,0.0,2
employer,Entity,8.418355111000268e-05,1.577686500900068e-05,7
IQVIA,Company,8.41345103337547e-05,0.0,1
Apple,Entity,8.406057763914114e-05,5.89542393559218e-06,1
aggregated statistic regard use of financial product,DataPoint,8.400703008177679e-05,0.0,1
non - identifiable data,DataPoint,8.400703008177679e-05,0.0,1
aggregate metadata concern file,DataPoint,8.400703008177679e-05,0.0,1
zip,DataPoint,8.388356952658514e-05,0.0,1
repayment history,DataPoint,8.388356952658514e-05,0.0,1
account status,DataPoint,8.388356952658514e-05,0.0,1
job title institute organization name,DataPoint,8.388356952658514e-05,0.0,1
issue identification,DataPoint,8.388356952658514e-05,0.0,1
photo ids,DataPoint,8.388356952658514e-05,0.0,1
email correspondence with we,DataPoint,8.388356952658514e-05,0.0,1
non - financial account,DataPoint,8.388356952658514e-05,0.0,1
shopping activity,DataPoint,8.388356952658514e-05,0.0,1
inquiry details,DataPoint,8.388356952658514e-05,0.0,1
visitor details,DataPoint,8.388356952658514e-05,0.0,1
information as,DataPoint,8.388356952658514e-05,0.0,1
state province of residence,DataPoint,8.388356952658514e-05,0.0,1
identification,DataPoint,8.388356952658514e-05,0.0,1
financial details,DataPoint,8.388356952658514e-05,5.66408279826596e-07,1
future communication preference,DataPoint,8.388356952658514e-05,0.0,1
linked accounts,DataPoint,8.388356952658514e-05,0.0,1
payment history credit history,DataPoint,8.388356952658514e-05,0.0,1
online shopping cart information,DataPoint,8.388356952658514e-05,0.0,1
military status,DataPoint,8.388356952658514e-05,5.66408279826596e-07,1
record conversation,DataPoint,8.388356952658514e-05,0.0,1
inferred datum,DataPoint,8.388356952658514e-05,0.0,1
general identification datum,DataPoint,8.388356952658514e-05,0.0,1
datum relate to use of product,DataPoint,8.388356952658514e-05,0.0,1
relationship with moderna,DataPoint,8.388356952658514e-05,0.0,1
specific information relate to ethnic origin,DataPoint,8.388356952658514e-05,0.0,1
information about third party we disclose,DataPoint,8.388356952658514e-05,0.0,1
loyalty point,DataPoint,8.388356952658514e-05,0.0,1
payment detail you provide to we for,DataPoint,8.388356952658514e-05,0.0,1
communication information,DataPoint,8.388356952658514e-05,0.0,1
portion,Entity,8.374126415394568e-05,4.357935256840629e-06,4
commercial data,DataPoint,8.370885181492723e-05,0.00027990380318396445,2
datum store in product provide to you,DataPoint,8.362301952150717e-05,0.0,1
patient record,DataPoint,8.322077844691024e-05,0.0,1
bill payment detail,DataPoint,8.322077844691024e-05,0.0,1
molina healthcare,Entity,8.317758297855666e-05,6.2152864740633795e-06,1
organizational datum,DataPoint,8.287413055146434e-05,0.0,1
finance,DataPoint,8.287413055146434e-05,0.0,1
interview information,DataPoint,8.287413055146434e-05,0.0,1
contract datum,DataPoint,8.287413055146434e-05,0.0,1
genetic information,DataPoint,8.28202876933939e-05,2.0431195880059566e-06,2
datum relate to health,DataPoint,8.242887588777255e-05,0.0,1
commercial datum,DataPoint,8.232617874334394e-05,0.0,2
kcdob,DataPoint,8.219047964415027e-05,0.0,1
kcrelid,DataPoint,8.219047964415027e-05,0.0,1
mc0,DataPoint,8.219047964415027e-05,0.0,1
nap,DataPoint,8.219047964415027e-05,0.0,1
ms0,DataPoint,8.219047964415027e-05,0.0,1
pcfm,DataPoint,8.219047964415027e-05,0.0,1
childinfo,DataPoint,8.219047964415027e-05,0.0,1
kcru,DataPoint,8.219047964415027e-05,0.0,1
academic status,DataPoint,8.204229533624282e-05,0.0,1
health datum,DataPoint,8.188142764697943e-05,0.00028295667162661875,4
nationality,Category,8.171298598242625e-05,8.77208112612304e-07,3
advertising partners,Entity,8.165668413661982e-05,9.66737716617169e-06,3
Fortinet,Company,8.162109435735367e-05,0.0,1
technology,Entity,8.15068572097218e-05,9.453737036786107e-06,5
Adobe,Entity,8.140298700974659e-05,2.234903281706349e-05,5
payment information for fortinet product relate datum,DataPoint,8.137456080070115e-05,0.0,1
payment information for fortinet product,DataPoint,8.137456080070115e-05,0.0,1
payment processor,Entity,8.133511839027994e-05,1.9156244948068543e-05,6
financial datum,DataPoint,8.123231113050371e-05,0.0001269913470935172,4
disability status,DataPoint,8.12259118572824e-05,0.0,2
law enforcement agency,Entity,8.10858547734526e-05,8.724131652829885e-06,2
browser web storage,DataPoint,8.082528036082204e-05,0.0,1
application datum cache,DataPoint,8.082528036082204e-05,0.0,1
insurance information,DataPoint,8.076801647550154e-05,7.137875112624421e-06,4
detail about payroll,DataPoint,8.069223299339253e-05,0.0,1
sources,DataPoint,8.069223299339253e-05,0.0,1
account data,DataPoint,8.069223299339253e-05,0.0,1
user data,DataPoint,8.069223299339253e-05,0.0,1
datum about interest in services,DataPoint,8.069223299339253e-05,0.0,1
medical license number,DataPoint,8.069223299339253e-05,0.0,1
subset of personal information,DataPoint,8.069223299339253e-05,0.0,1
identity data,DataPoint,8.069223299339253e-05,0.0,1
profile photo,DataPoint,8.069223299339253e-05,0.0,1
nickname,DataPoint,8.069223299339253e-05,0.0,1
previous name,DataPoint,8.069223299339253e-05,0.0,1
vehicle,DataPoint,8.069223299339253e-05,0.0,1
shipment detail,DataPoint,8.069223299339253e-05,0.0,1
information you share with,DataPoint,8.069223299339253e-05,0.0,1
personal information of personnel,DataPoint,8.069223299339253e-05,0.0,1
quote,DataPoint,8.069223299339253e-05,0.0,1
delivery detail,DataPoint,8.069223299339253e-05,0.0,1
purchase,DataPoint,8.066891893104012e-05,0.0,2
interaction with fortinet,DataPoint,8.06456048686877e-05,0.0,1
fortinet developer network report,DataPoint,8.06456048686877e-05,0.0,1
name of product you purchase,DataPoint,8.061043056669062e-05,0.0,1
record of product purchase,DataPoint,8.061043056669062e-05,0.0,1
date of purchase,DataPoint,8.061043056669062e-05,0.0,1
only generic information,DataPoint,8.039342564962091e-05,0.0,1
bny,Entity,8.008710166651099e-05,8.635411602359168e-06,1
duration of call,DataPoint,7.98159236145069e-05,0.0,1
datum about reliability of diagnostic collection system,DataPoint,7.971464545891824e-05,0.0,1
basic error reporting,DataPoint,7.971464545891824e-05,0.0,1
information relate to racial origin,DataPoint,7.969352107104884e-05,0.0,1
criminal background,DataPoint,7.969352107104884e-05,0.0,1
identification information,Category,7.957300235318594e-05,0.0,2
session information,Category,7.957300235318594e-05,5.2302579206021485e-05,2
survey responses,DataPoint,7.927459799012202e-05,6.325780455824507e-05,2
corning about datum,Entity,7.905694122916244e-05,3.402293855061362e-05,1
third country,Entity,7.905694122916244e-05,3.402293855061362e-05,1
device ids,DataPoint,7.904035678524305e-05,0.0,2
device attribute,DataPoint,7.900262640747164e-05,0.0,2
vendors,Entity,7.839601023483735e-05,1.9980051999111717e-05,3
health data,DataPoint,7.838774722516097e-05,2.5165519244282987e-06,2
essential cookies,DataPoint,7.806122647416761e-05,0.0,1
browser cookies,DataPoint,7.806122647416761e-05,0.0,1
number of visitor,DataPoint,7.806122647416761e-05,0.0,1
netapp,Entity,7.770980834955279e-05,3.534876244455163e-06,1
epam,Entity,7.770980834955279e-05,2.689031002653438e-06,1
event trace log etl datum,DataPoint,7.769668215107367e-05,0.0,1
crowdstrike,Entity,7.766388336502065e-05,5.924971700336716e-06,1
unique device ids,DataPoint,7.75837985672128e-05,0.0,2
address of webpage you visit,DataPoint,7.751671527710227e-05,0.0,1
government identifiers,DataPoint,7.750089646019994e-05,0.0,1
audiovisual,DataPoint,7.750089646019994e-05,0.0,1
medication,DataPoint,7.750089646019994e-05,0.0,1
frequency,DataPoint,7.750089646019994e-05,0.0,1
information about healthcare provider,DataPoint,7.750089646019994e-05,0.0,1
family medical history,DataPoint,7.750089646019994e-05,0.0,1
authorized representative,DataPoint,7.750089646019994e-05,0.0,1
relate information relate to clinical product,DataPoint,7.750089646019994e-05,0.0,1
financial information datum,DataPoint,7.750089646019994e-05,0.0,1
applicable personal datum,DataPoint,7.750089646019994e-05,0.0,1
purchase preference,DataPoint,7.750089646019994e-05,0.0,1
process transaction,DataPoint,7.750089646019994e-05,0.0,1
source of personal datum,DataPoint,7.750089646019994e-05,0.0,1
treatment for medical condition,DataPoint,7.750089646019994e-05,0.0,1
work,DataPoint,7.750089646019994e-05,0.0,1
reputational damage,DataPoint,7.750089646019994e-05,0.0,1
identity theft,DataPoint,7.750089646019994e-05,0.0,1
name of business you represent,DataPoint,7.750089646019994e-05,0.0,1
privacy setting,DataPoint,7.750089646019994e-05,0.0,1
business address,DataPoint,7.750089646019994e-05,0.0,1
fraudulent activity,DataPoint,7.750089646019994e-05,0.0,1
subscription datum,DataPoint,7.750089646019994e-05,0.0,1
online safety sharing preference by,DataPoint,7.750089646019994e-05,0.0,1
company affiliation,DataPoint,7.750089646019994e-05,0.0,1
social medium handle,DataPoint,7.746805789134668e-05,0.0,1
organization type,DataPoint,7.746805789134668e-05,0.0,1
company address,DataPoint,7.746805789134668e-05,0.0,1
business affiliation,DataPoint,7.744385393594604e-05,0.0,1
joint marketing partner,Entity,7.737554623009053e-05,6.276605329395671e-06,3
information browser load one,Category,7.704553274717375e-05,1.4311534248966712e-07,2
education history,DataPoint,7.691618340627481e-05,0.0,2
metlife,Entity,7.655512302417308e-05,8.681450761426303e-06,1
kla,Entity,7.655512302417308e-05,5.908358746949138e-06,1
west,Entity,7.625490483957437e-05,5.901106390733969e-06,1
supplier,Entity,7.616516597946498e-05,8.520743229757328e-06,4
behavioral datum of device usage on site,DataPoint,7.609576736749478e-05,0.0,1
transactional datum,DataPoint,7.593241693075315e-05,0.0,2
content of email in outlook.com,DataPoint,7.582715080841081e-05,0.0,1
file in private folder on onedrive,DataPoint,7.582715080841081e-05,0.0,1
snapshots,DataPoint,7.582715080841081e-05,0.0,1
ad ids,DataPoint,7.58098631138757e-05,0.0,1
government authority,Entity,7.577053000926749e-05,1.3330584750182795e-05,6
third parties,Entity,7.576119768196672e-05,1.6911175576627e-05,3
teradyne,Entity,7.568910903013831e-05,9.02105637739578e-06,1
ptc,Entity,7.555439574217735e-05,5.711267299323636e-06,1
professional advisor,Entity,7.552813508191757e-05,7.785053156644416e-06,4
device model,DataPoint,7.543774175577555e-05,0.0,1
device operating system,DataPoint,7.543774175577555e-05,0.0,1
geographical area,DataPoint,7.543774175577555e-05,0.0,1
regulator,Entity,7.531379808659242e-05,1.0222244677124725e-05,5
residency,DataPoint,7.529541610462115e-05,0.0,1
page response time,DataPoint,7.513874852838074e-05,0.0,1
page interaction information,DataPoint,7.513874852838074e-05,0.0,1
time spend on page,DataPoint,7.513874852838074e-05,0.0,1
transaction history,DataPoint,7.508528672359333e-05,0.0,3
prior employer,DataPoint,7.471229131017077e-05,0.0,1
work history,DataPoint,7.471229131017077e-05,0.0,1
rating agency,Entity,7.467875937043107e-05,4.603915906713614e-08,1
regeneron,Entity,7.467875937043107e-05,4.6144904453253864e-06,1
idexx learning center,Entity,7.467875937043107e-05,5.954397906016274e-06,1
affiliates,Entity,7.462656172663594e-05,1.377111201524662e-05,5
dexcom,Entity,7.435840460027999e-05,3.0360267673717005e-06,1
navigation path,DataPoint,7.434331673090109e-05,0.0,1
information concern racial origin,DataPoint,7.430955992700734e-05,0.0,1
sensitive data,DataPoint,7.430955992700734e-05,0.0,1
current employment,DataPoint,7.430955992700734e-05,0.0,1
tax id,DataPoint,7.430955992700734e-05,0.0,1
information you submit to we by,DataPoint,7.430955992700734e-05,0.0,1
information of juristic person,DataPoint,7.430955992700734e-05,0.0,1
computer information,DataPoint,7.430955992700734e-05,0.0,1
identifier personal information,DataPoint,7.430955992700734e-05,0.0,1
specific piece of personal information we collect,DataPoint,7.430955992700734e-05,0.0,1
browser detail,DataPoint,7.430955992700734e-05,0.0,1
internet information personal information we collect,DataPoint,7.430955992700734e-05,0.0,1
commercial information personal information,DataPoint,7.430955992700734e-05,0.0,1
work email,DataPoint,7.430955992700734e-05,0.0,1
indicative type,DataPoint,7.430955992700734e-05,0.0,1
information we collect from you offline,DataPoint,7.430955992700734e-05,0.0,1
data activity we undertake in,DataPoint,7.430955992700734e-05,0.0,1
analytics,DataPoint,7.430955992700734e-05,0.0,1
embed script,DataPoint,7.393197330418495e-05,0.0,1
widget,DataPoint,7.393197330418495e-05,0.0,1
main category,DataPoint,7.393197330418495e-05,0.0,1
ClickTale,Entity,7.390613904241966e-05,3.22274113469953e-07,1
audio call recording,DataPoint,7.380154066762747e-05,0.0,1
content of message,DataPoint,7.380154066762747e-05,0.0,1
cctv footage secure office,DataPoint,7.380154066762747e-05,0.0,1
record meeting,DataPoint,7.380154066762747e-05,0.0,1
Akamai,Entity,7.366840971072383e-05,4.394839662124604e-06,1
likeness,DataPoint,7.358997775131234e-05,0.0,1
healthcare license number,DataPoint,7.358997775131234e-05,0.0,1
current salary,DataPoint,7.358997775131234e-05,0.0,1
information provide on resume,DataPoint,7.358997775131234e-05,0.0,1
system log file,DataPoint,7.326727955662964e-05,0.0,1
configuration,DataPoint,7.326727955662964e-05,0.0,1
login information,DataPoint,7.319151286584906e-05,0.0,2
teledyne,Entity,7.310261390128779e-05,2.715613029056946e-06,1
performance evaluation,DataPoint,7.302254303143322e-05,0.0,1
distributor,Entity,7.290730505263341e-05,8.234137547656082e-06,4
security information,DataPoint,7.281083264053674e-05,0.0,1
event,DataPoint,7.281083264053674e-05,0.0,1
inquiry information,DataPoint,7.281083264053674e-05,0.0,1
password hint,DataPoint,7.281083264053674e-05,0.0,1
insurer,Entity,7.263915292288172e-05,1.0532874143449696e-05,4
successor to applied materials,Entity,7.260488375313726e-05,5.711267299323636e-06,1
jpmsipl,Entity,7.256028427749653e-05,5.89542393559218e-06,1
legal advisor,Entity,7.25417154938067e-05,6.310223738802205e-06,4
network connection type,DataPoint,7.254163906473697e-05,0.0,1
abbott,Entity,7.248966844106539e-05,4.159627412453155e-06,1
information concern sex life,DataPoint,7.246421367982513e-05,0.0,2
command,DataPoint,7.243572333114825e-05,0.0,1
content consumption datum,DataPoint,7.243572333114825e-05,0.0,1
social datum,DataPoint,7.243572333114825e-05,0.0,1
voice datum,DataPoint,7.243572333114825e-05,0.0,1
relationship,DataPoint,7.243572333114825e-05,0.0,1
input,DataPoint,7.243572333114825e-05,0.0,1
align,Entity,7.241418254694933e-05,3.7413028374620667e-06,1
adviser,Entity,7.223708102613858e-05,1.1233786055798664e-05,2
specialty,DataPoint,7.2078675806984e-05,0.0,1
professional qualification,DataPoint,7.2078675806984e-05,0.0,1
HP,Entity,7.205185025519225e-05,5.711267299323636e-06,1
gilead,Entity,7.187959391976675e-05,4.3717938698193095e-06,1
detail of product purchase,DataPoint,7.176451526778796e-05,0.0,1
population segment to you belong,DataPoint,7.176451526778796e-05,0.0,1
schedule,DataPoint,7.176451526778796e-05,0.0,1
information about service render,DataPoint,7.176451526778796e-05,0.0,1
ansys,Entity,7.175997146461016e-05,3.1142933377858317e-06,1
investor,Entity,7.169865239095847e-05,5.711267299323636e-06,1
accountant,Entity,7.166344655562612e-05,6.67202620449885e-06,3
compensation,DataPoint,7.166150708175247e-05,0.0,1
compensation history,DataPoint,7.166150708175247e-05,0.0,1
reference information,DataPoint,7.166150708175247e-05,0.0,1
company we collaborate with,Entity,7.164771039130936e-05,3.4558235122306896e-06,1
auditor,Entity,7.155639045173501e-05,8.351550038345146e-06,3
track information,Category,7.129957220880845e-05,3.7744004376093316e-05,1
crash report,DataPoint,7.123569480833899e-05,0.0,1
consumer reporting agency,Entity,7.122230000827472e-05,7.140637032297683e-06,2
broker,Entity,7.122230000827472e-05,7.090155818297334e-06,2
logistic service provider,Entity,7.117621388344597e-05,4.357935256840629e-06,1
name of ceo,DataPoint,7.111822339381475e-05,0.0,1
organization,DataPoint,7.111822339381475e-05,0.0,1
state of residence,DataPoint,7.111822339381475e-05,0.0,1
|basic identifying information,DataPoint,7.111822339381475e-05,0.0,1
other unique identifers,DataPoint,7.111822339381475e-05,0.0,1
name of ceo be,DataPoint,7.111822339381475e-05,0.0,1
datum ptc need,DataPoint,7.111822339381475e-05,0.0,1
technical,DataPoint,7.111822339381475e-05,0.0,1
role,DataPoint,7.111822339381475e-05,0.0,1
online identification,DataPoint,7.111822339381475e-05,0.0,1
file associate with ptc product account,DataPoint,7.111822339381475e-05,0.0,1
crowdstrike affiliate,Entity,7.109661057692359e-05,3.4572119948057306e-06,1
record of personal property purchase obtain,DataPoint,7.109490933146234e-05,0.0,1
position,DataPoint,7.109490933146234e-05,0.0,1
detail of service cboe provide to you,DataPoint,7.109490933146234e-05,0.0,1
financial holding information,DataPoint,7.109490933146234e-05,0.0,1
item you purchase,DataPoint,7.109490933146234e-05,0.0,1
record of real property purchase obtain,DataPoint,7.109490933146234e-05,0.0,1
norton machine id,DataPoint,7.105955989704417e-05,0.0,1
serial number,DataPoint,7.105955989704417e-05,4.603915906713614e-08,1
payment transaction id,DataPoint,7.105955989704417e-05,0.0,1
wallet id,DataPoint,7.105955989704417e-05,0.0,1
auto bill id,DataPoint,7.105955989704417e-05,0.0,1
wtw group company for use set,Entity,7.105112297319652e-05,2.1767918961555977e-06,1
acquire entity,Entity,7.105112297319652e-05,2.1767918961555977e-06,1
wtw,Entity,7.105112297319652e-05,2.1767918961555977e-06,1
employee privacy,DataPoint,7.098168613683146e-05,0.0,1
information provide by,DataPoint,7.098168613683146e-05,0.0,1
Keysight,Entity,7.081565773037398e-05,3.158208753504074e-06,1
keysight,Entity,7.081565773037398e-05,3.1412350047140687e-06,1
drug screening result applicable qualify as personal information content of email use black knight it equipment,DataPoint,7.061886743264291e-05,0.0,1
biometric identification,DataPoint,7.061886743264291e-05,0.0,1
specific identity,DataPoint,7.061886743264291e-05,0.0,1
whereabouts,DataPoint,7.061886743264291e-05,0.0,1
medical health,DataPoint,7.061886743264291e-05,0.0,1
trade union membership,DataPoint,7.061886743264291e-05,4.285322923260516e-08,1
providers,Entity,7.058377522164209e-05,4.839702171364589e-06,2
advisor,Entity,7.05599206756081e-05,1.3613747859095572e-05,5
professional adviser,Entity,7.054164339541933e-05,5.390620780284849e-06,3
financial company,Entity,7.048626832842158e-05,1.8415663626854457e-07,2
unique pseudonym,DataPoint,7.04587820706031e-05,0.0,2
income range,DataPoint,7.045216124280929e-05,0.0,1
investor relate datum,DataPoint,7.020713242810434e-05,0.0,1
relate datum collect on website as online forum registration,DataPoint,7.020713242810434e-05,0.0,1
information about interaction with fortinet,DataPoint,7.020713242810434e-05,0.0,1
information about experience with product as fortinet developer network report,DataPoint,7.020713242810434e-05,0.0,1
business transfers,Category,7.015063386131734e-05,1.939982028045731e-06,3
black knight,Entity,7.012820814718272e-05,4.42347989543736e-06,1
zimmer biomet,Entity,7.006391903284937e-05,2.8147498134570337e-06,1
amphenol,Entity,7.00181141659751e-05,3.431363631155165e-06,1
other tracking technologies,Entity,7.000016055497924e-05,2.630258775406581e-06,2
government agency,Entity,6.986231257257568e-05,8.562032093108792e-06,4
feature of website,Entity,6.98397162634122e-05,6.073182922483863e-07,1
auth provider,Entity,6.982841086482506e-05,3.1248617330281926e-06,3
fnancial information,DataPoint,6.98086507945495e-05,0.0,1
address detail,DataPoint,6.98086507945495e-05,0.0,1
employee identifcation number,DataPoint,6.98086507945495e-05,0.0,1
identifer,DataPoint,6.98086507945495e-05,0.0,1
ii commercial information,DataPoint,6.98086507945495e-05,0.0,1
organization id,DataPoint,6.98086507945495e-05,0.0,1
employment detail,DataPoint,6.98086507945495e-05,0.0,1
user type,DataPoint,6.98086507945495e-05,0.0,1
website traffic pattern,DataPoint,6.980272013420229e-05,0.0,1
information about visitor,DataPoint,6.980272013420229e-05,0.0,1
income level,DataPoint,6.974758262008615e-05,0.0,1
work authorization status,DataPoint,6.974758262008615e-05,0.0,1
cboe,Entity,6.969669035877124e-05,2.482655392514402e-06,1
Moody's,Entity,6.968393217948402e-05,3.777841852594714e-06,1
Gartner,Company,6.957140970077508e-05,0.0,1
preqin,Entity,6.942494113995344e-05,1.0819202380776993e-06,1
entity in blackrock group,Entity,6.942494113995344e-05,8.612392022825599e-06,1
merchant,Entity,6.941103267759689e-05,7.235142285813803e-06,4
server,Entity,6.924314608584172e-05,1.0139574472656476e-05,3
moderna,Entity,6.917072412880129e-05,2.4915323290509288e-06,1
successor,Entity,6.904966840920503e-05,5.8162804288148654e-06,1
call centre support,Entity,6.904966840920503e-05,7.673193177856024e-08,1
bms,Entity,6.904966840920503e-05,3.9990636147103e-06,1
stryker,Entity,6.904966840920503e-05,3.5600693224041346e-06,1
program,Entity,6.904203293350305e-05,9.041051607244572e-06,4
insurance,Entity,6.895344463209006e-05,6.931645875065587e-06,1
brand,Entity,6.895344463209006e-05,6.931645875065587e-06,1
eknowledge portal,Entity,6.895344463209006e-05,6.931645875065587e-06,1
professional consultant,Entity,6.89030417012203e-05,3.4124126388463795e-06,2
professional education information,DataPoint,6.88704689676785e-05,0.0,1
accenture,Entity,6.884118355878925e-05,2.492787942480032e-06,1
doctor,Entity,6.874137984329989e-05,5.729327537985111e-06,2
gilead israel,Entity,6.872156110363265e-05,3.446323368296201e-06,1
brown,Entity,6.870851138125194e-05,2.5458724880104725e-06,1
security data,DataPoint,6.865418604664609e-05,0.0,1
network traffic data,DataPoint,6.865418604664609e-05,0.0,1
service data,DataPoint,6.865418604664609e-05,0.0,1
personalized medicine,DataPoint,6.865418604664609e-05,0.0,1
basic personal data,Category,6.863901991392532e-05,1.638994062790047e-05,1
international transfers,Entity,6.86238270126111e-05,2.489778456324561e-06,1
jurisdiction,Entity,6.86238270126111e-05,2.489778456324561e-06,1
member of onsemi corporate family enforcement,Entity,6.86238270126111e-05,2.489778456324561e-06,1
metadata datum,Category,6.862370024959668e-05,3.22274113469953e-07,1
labcorp agent,Entity,6.854930476820716e-05,3.5140301633369984e-06,1
cme group,Entity,6.854930476820716e-05,5.741960072035061e-06,1
insurance support organization,Entity,6.845713251854965e-05,3.485127802367074e-06,1
arista,Entity,6.839702018181651e-05,3.836304276806951e-06,1
company datum,Category,6.838984994673669e-05,5.756122594300476e-05,2
coroner,Entity,6.8387648822654e-05,4.296988179599373e-08,2
employer company,Entity,6.834293231935947e-05,4.524752214046819e-06,2
home,DataPoint,6.834217057142579e-05,0.0,2
digital properties,Entity,6.833944529240402e-05,3.195013146795894e-06,3
w. r. berkley corporation,Entity,6.827987819228522e-05,1.4374894767091954e-07,1
support data,DataPoint,6.821618563581056e-05,0.0,1
display name,DataPoint,6.821618563581056e-05,0.0,1
viatris,Entity,6.819752072366281e-05,3.466346748588893e-06,1
viatris inc.,Entity,6.819752072366281e-05,3.466346748588893e-06,1
Palantir Technologies,Entity,6.817524651231554e-05,2.9226462034150946e-06,1
healthcare provider,Entity,6.817334472476508e-05,3.1054373854607075e-06,2
account password you create,DataPoint,6.816303352702968e-05,0.0,2
national id,DataPoint,6.813191669560644e-05,0.0,2
provider for marketing purpose include,Entity,6.811148658233402e-05,4.603915906713614e-08,1
idexx,Entity,6.811148658233402e-05,1.3811747720140842e-07,1
incyte,Entity,6.811148658233402e-05,3.3824448655227112e-06,1
eeoc,Entity,6.811148658233402e-05,3.069277271142409e-08,1
state regulatory agency,Entity,6.811148658233402e-05,3.069277271142409e-08,1
ad networks,Entity,6.811148658233402e-05,2.491638624367678e-06,1
service provider perform service on behalf,Entity,6.811148658233402e-05,2.491638624367678e-06,1
ur partner,Entity,6.811148658233402e-05,1.6881024991283251e-06,1
credit bureau partner,Entity,6.805834218780159e-05,2.8678875066458477e-06,1
hcp,Entity,6.804087074590288e-05,2.1846046019366883e-06,1
care giver,Entity,6.804087074590288e-05,2.1846046019366883e-06,1
supervisory authority,Entity,6.795130919725848e-05,2.4934987924107947e-06,1
government body,Entity,6.795130919725848e-05,2.4934987924107947e-06,1
country not benefit from recognize adequate level of protection,Entity,6.795130919725848e-05,2.4934987924107947e-06,1
global business partner,Entity,6.795130919725848e-05,2.4934987924107947e-06,1
first solar,Entity,6.792735743874252e-05,2.7123163895376863e-06,1
sensitive personal information of california resident consumer,DataPoint,6.792688686062216e-05,0.0,1
standard ssl encryption with bit key length,DataPoint,6.792688686062216e-05,0.0,1
experience,DataPoint,6.792688686062216e-05,0.0,1
sensitive personal information of minor under year of age,DataPoint,6.792688686062216e-05,0.0,1
watchlist preference,DataPoint,6.792688686062216e-05,0.0,1
information use,DataPoint,6.792688686062216e-05,0.0,1
sensitive personal information to non - service provider third party,DataPoint,6.792688686062216e-05,0.0,1
availability,DataPoint,6.792688686062216e-05,0.0,1
record of interaction with we,DataPoint,6.792688686062216e-05,0.0,1
subscription status,DataPoint,6.792688686062216e-05,0.0,1
medical information for insurance application,DataPoint,6.792688686062216e-05,0.0,1
participant information from organization purchase product from we for benefit of member,DataPoint,6.792688686062216e-05,0.0,1
consumer report from consumer reporting agency,DataPoint,6.792688686062216e-05,0.0,1
Pfizer,Company,6.791625909992441e-05,0.0,1
steris,Entity,6.791247831602806e-05,2.934667539393735e-06,1
merchants,Entity,6.785770156278069e-05,3.069277271142409e-08,1
PayPal,Company,6.785770156278069e-05,0.0,1
LINE,Entity,6.784501360182098e-05,6.8852157387478275e-06,3
contractor,Entity,6.778715972809923e-05,1.1214667463286288e-05,3
i identifier,Category,6.775216914896427e-05,4.91698218837014e-05,1
||qu employee information,Category,6.775216914896427e-05,8.194970313950234e-05,1
cardinal health,Entity,6.772517641832832e-05,3.4476022338258438e-06,1
nasdaq entity,Entity,6.772517641832832e-05,5.697455551603494e-06,1
revvity,Entity,6.772517641832832e-05,1.8415663626854457e-07,1
stripe,Entity,6.769517174539584e-05,1.5300347196644908e-06,2
similar technologies,Entity,6.768504029739266e-05,6.28707218335156e-07,1
partners,Entity,6.767201074605881e-05,3.069277271142409e-08,1
affiliate list,Entity,6.766516707246335e-05,2.8919534307036708e-06,1
Cisco Systems,Entity,6.765330475990865e-05,2.0300765076241306e-06,1
marketing provider,Entity,6.764979059246198e-05,3.0401572048363e-06,2
link to website operate,Entity,6.76063117524804e-05,3.5271476697696185e-06,1
provider of payment service for participate partner,Entity,6.748631992933694e-05,0.0,1
bank,Entity,6.74348504547767e-05,2.150940060659945e-06,3
relate personal information,Category,6.742169995292421e-05,4.972229179250704e-08,1
party locate in country provide less,Entity,6.73817896058788e-05,3.461928849486491e-06,1
Autodesk,Company,6.728914753496065e-05,0.0,1
partner of ad partners,Entity,6.728914753496065e-05,7.047532811046224e-08,1
court,Entity,6.72871178251689e-05,4.538568735920547e-06,3
fraud detection agency,Entity,6.728242661334022e-05,2.7469967278057128e-06,2
abbvie,Entity,6.724112512848983e-05,1.984027127853461e-06,1
authorize personnel,Entity,6.723585021058775e-05,1.8415663626854457e-07,2
study doctor,Entity,6.723585021058775e-05,1.8415663626854457e-07,2
personal account number,DataPoint,6.719993400370395e-05,0.0,1
total amount of transaction,DataPoint,6.719993400370395e-05,0.0,1
group company,Entity,6.719105161437356e-05,2.2789151217227004e-06,2
verisign business partner,Entity,6.713338212453233e-05,2.537677783434814e-06,1
cross - context behavioral advertising,Entity,6.711644525080416e-05,2.8886283803265988e-06,1
legal judicial authority,Entity,6.710113692262678e-05,2.179721660823507e-06,1
humana,Entity,6.710113692262678e-05,2.179721660823507e-06,1
healthcare,Entity,6.710113692262678e-05,2.179721660823507e-06,1
joint venture,Entity,6.710113692262678e-05,2.179721660823507e-06,1
income,DataPoint,6.708632673623123e-05,0.0,2
uniform resource locator,DataPoint,6.707939457092476e-05,0.0,1
login datum,DataPoint,6.707939457092476e-05,0.0,1
globe life insurance company,Entity,6.707454877368711e-05,5.973989037534205e-07,1
content provider,Entity,6.707454877368711e-05,3.93017965014002e-06,1
application provider,Entity,6.707454877368711e-05,3.93017965014002e-06,1
identifier allow,DataPoint,6.705046441141705e-05,0.0,1
analysis report,DataPoint,6.705046441141705e-05,0.0,1
communication content,DataPoint,6.705046441141705e-05,0.0,1
activity log,DataPoint,6.705046441141705e-05,0.0,1
distribution list,DataPoint,6.705046441141705e-05,0.0,1
information contain in file,DataPoint,6.705046441141705e-05,0.0,1
usage log,DataPoint,6.704292642948697e-05,0.0,1
domain name of website from you link to website,DataPoint,6.704292642948697e-05,0.0,1
software,DataPoint,6.704292642948697e-05,0.0,1
claims|partner consumer |---|---|---|---|---|---|---|---| ||history|agencies government judicial agency,Entity,6.703327761712407e-05,2.955443291225293e-06,1
agent industry self regulatory body attorney,Entity,6.703327761712407e-05,2.955443291225293e-06,1
amgen,Entity,6.697919817059316e-05,1.4579067037926443e-07,1
company of align for purpose,Entity,6.697919817059316e-05,3.46506788305925e-06,1
subsidiary company,Entity,6.69604523040713e-05,0.0,1
commercial transaction information,DataPoint,6.695789139771015e-05,0.0001897734136747352,2
operating unit,Entity,6.693274531267558e-05,4.713934881278017e-06,1
fiserv,Entity,6.69234250152482e-05,2.2405724079339589e-07,1
reseller,Entity,6.68895619590435e-05,4.960629702810411e-06,2
f. privacy information for california residents,Category,6.686531838400323e-05,8.194970313950234e-06,1
internal identifier,Category,6.686531838400323e-05,8.194970313950234e-05,1
childbirth,DataPoint,6.686360502743095e-05,0.0,1
relate medical status,DataPoint,6.686360502743095e-05,0.0,1
veteran,DataPoint,6.686360502743095e-05,0.0,1
gender expression,DataPoint,6.686360502743095e-05,0.0,1
gender identity,DataPoint,6.686360502743095e-05,0.0,1
user preference,DataPoint,6.685216182660687e-05,0.0,1
preferred form of address,DataPoint,6.685216182660687e-05,0.0,1
preferred form,DataPoint,6.685216182660687e-05,0.0,1
code,DataPoint,6.685216182660687e-05,0.0,1
security answers^,DataPoint,6.685216182660687e-05,0.0,1
"password,^ security answers^",DataPoint,6.685216182660687e-05,0.0,1
seniority level,DataPoint,6.685216182660687e-05,0.0,1
potential customer,DataPoint,6.685216182660687e-05,0.0,1
facial image,DataPoint,6.685216182660687e-05,1.0228495237415917e-07,1
area of responsibility,DataPoint,6.685216182660687e-05,0.0,1
voice information,DataPoint,6.685216182660687e-05,0.0,1
nxp,Entity,6.67980320247146e-05,5.711267299323636e-06,1
many company,Entity,6.67980320247146e-05,7.673193177856024e-08,1
edwards lifesciences,Entity,6.674029775844563e-05,1.5461758839858218e-06,1
micron,Entity,6.669501598097976e-05,4.985273607653058e-06,1
consultant,Entity,6.663469569597766e-05,4.657958132165151e-06,2
internet provider,DataPoint,6.662251041849617e-05,0.0,1
domain information,DataPoint,6.662251041849617e-05,0.0,1
publisher,Entity,6.660275983426457e-05,6.027530224135493e-06,3
system configuration information,DataPoint,6.658637329671281e-05,0.0,1
frequency of visit to website,DataPoint,6.658637329671281e-05,0.0,1
page view information,DataPoint,6.658637329671281e-05,0.0,1
sponsor,Entity,6.650024475659038e-05,3.348478476621706e-06,2
government official,Entity,6.643440581333809e-05,2.2405724079339589e-07,1
law enforcement official,Entity,6.643148656677431e-05,1.9379981894898582e-06,1
service vendor,Entity,6.643148656677431e-05,1.9379981894898582e-06,1
trust center,Entity,6.643148656677431e-05,1.9379981894898582e-06,1
CDW,Entity,6.64088603039385e-05,1.7914854179620666e-06,1
smci,Entity,6.639389216083172e-05,1.964100032600235e-06,1
behavioral datum of connect computer you use,DataPoint,6.638172139352777e-05,0.0,1
photograph identify you,DataPoint,6.638172139352777e-05,0.0,1
unique ids as mobile device,DataPoint,6.638172139352777e-05,0.0,1
public information,DataPoint,6.638172139352777e-05,0.0,1
demographic attribute,DataPoint,6.638172139352777e-05,0.0,1
information you provide on public social medium profile relate to professional history as linkedin,DataPoint,6.638172139352777e-05,0.0,1
Intel,Company,6.636636699465248e-05,0.0,1
web server,Entity,6.625917887287076e-05,4.834111702049295e-07,1
organization provide service to water,Entity,6.62491256424259e-05,2.8777463972743667e-06,1
browsing information,Category,6.62292382078669e-05,1.657409726416901e-05,2
amd,Entity,6.621427444355043e-05,2.2735871878160196e-06,1
general information,DataPoint,6.618138269163528e-05,0.0,1
service provider who provide datum processing for we,Entity,6.616295509575577e-05,1.4540975658515497e-06,1
business collaborator,Entity,6.616295509575577e-05,1.4540975658515497e-06,1
irs,Entity,6.611275138595666e-05,4.143524316042253e-08,1
internal revenue service,Entity,6.611275138595666e-05,4.143524316042253e-08,1
securities,Entity,6.611275138595666e-05,4.143524316042253e-08,1
information generate from use of services reflect user about interest,DataPoint,6.611234992567495e-05,0.0,1
account log,DataPoint,6.608154061343994e-05,0.0,1
tax identification,DataPoint,6.608154061343994e-05,0.0,1
inference about health,DataPoint,6.608154061343994e-05,0.0,1
driver license,DataPoint,6.608154061343994e-05,0.0,1
criminal history information,DataPoint,6.608154061343994e-05,0.0,1
July Systems,Entity,6.607336744120046e-05,2.0427313447092924e-06,1
trimble,Entity,6.60474865632178e-05,3.0139970629753614e-06,1
verisign,Entity,6.601554845847327e-05,2.491638624367678e-06,1
entity for business purpose,Entity,6.601554845847327e-05,2.491638624367678e-06,1
payment service,Entity,6.59840601861899e-05,3.455567739124761e-06,1
account datum,Category,6.597846761904219e-05,3.277988125580094e-05,1
detail about you,Category,6.597846761904219e-05,0.0,1
personal information submit to we,Category,6.597846761904219e-05,3.277988125580094e-05,1
threat data,Category,6.597846761904219e-05,8.194970313950234e-06,1
customer program,Entity,6.597514483198919e-05,1.7998704915849164e-06,1
factset,Entity,6.592239565296834e-05,5.711267299323636e-06,1
other technologies,Entity,6.592239565296834e-05,6.628642387073078e-07,1
installer,Entity,6.582057747020714e-05,3.0305459151018026e-07,1
login credential for investor portal,DataPoint,6.579411621840065e-05,0.0,1
behalf,Entity,6.574726837861908e-05,5.183537114456277e-07,1
country for processing,Entity,6.574726837861908e-05,2.1729463564510785e-06,1
International Association of Privacy Professionals,Entity,6.574726837861908e-05,8.900904086312987e-08,1
relevant affiliates of teledyne,Entity,6.574726837861908e-05,2.1729463564510785e-06,1
self regulatory organization,Entity,6.572032572102689e-05,4.394219520937702e-06,2
Palo Alto Networks,Entity,6.571023706069501e-05,2.033113589679142e-06,1
applicable partner responsible,Entity,6.569196502882458e-05,1.7483489471423533e-06,1
sponsor of resource,Entity,6.569196502882458e-05,1.7483489471423533e-06,1
sponsor of contest,Entity,6.569196502882458e-05,1.7483489471423533e-06,1
app on device,Entity,6.569196502882458e-05,1.8415663626854457e-07,1
sponsor of event,Entity,6.569196502882458e-05,1.7483489471423533e-06,1
unique identifier send to browser on computer,DataPoint,6.567346696421963e-05,0.0,1
information on use of technology,DataPoint,6.567346696421963e-05,0.0,1
standard log file,DataPoint,6.567346696421963e-05,0.0,1
http,DataPoint,6.567346696421963e-05,0.0,1
performance analytics cookies,DataPoint,6.567346696421963e-05,0.0,1
different category,DataPoint,6.567346696421963e-05,0.0,1
base local storage,DataPoint,6.567346696421963e-05,0.0,1
health care provider,Entity,6.558561243306593e-05,4.603915906713614e-08,1
marketing partner,Entity,6.558561243306593e-05,5.78942425269237e-07,1
health oversight agency for activity authorize,Entity,6.558561243306593e-05,3.069277271142409e-08,1
company in mmc group,Entity,6.558561243306593e-05,3.5041280902360504e-06,1
our websites,Entity,6.558561243306593e-05,2.932588137259823e-06,1
medical examiner,Entity,6.558561243306593e-05,3.069277271142409e-08,1
customer service,Entity,6.558561243306593e-05,9.207831813427229e-08,1
discharge planner in hospital,Entity,6.558561243306593e-05,3.069277271142409e-08,1
competent law enforcement body,Entity,6.558561243306593e-05,2.1868368035884285e-06,1
regulatory government agency,Entity,6.558561243306593e-05,2.1868368035884285e-06,1
Linode,Entity,6.558561243306593e-05,4.880150861116431e-07,1
chubb,Entity,6.556243041410515e-05,1.5523131021686324e-06,1
employee,Entity,6.553577848313218e-05,2.178187022187935e-06,2
ibm,Entity,6.553445548827062e-05,4.7416398868289783e-07,1
session replay technology,Entity,6.55243791203564e-05,5.759837615620872e-07,1
personal history,DataPoint,6.551547052037003e-05,0.0,1
survive company,Entity,6.546197499860845e-05,1.4571389015228846e-06,1
analytic model support business,Entity,6.546197499860845e-05,1.4571389015228846e-06,1
chubb business unit,Entity,6.546197499860845e-05,1.4571389015228846e-06,1
vendor provider,Entity,6.546197499860845e-05,1.4571389015228846e-06,1
for affiliate,Entity,6.545201247806331e-05,1.940337708528701e-06,1
entity involve in potential significant corporate transaction,Entity,6.545201247806331e-05,1.940337708528701e-06,1
governmental entity,Entity,6.545201247806331e-05,1.940337708528701e-06,1
F5 Networks,Entity,6.545201247806331e-05,1.940337708528701e-06,1
degree hold,DataPoint,6.539965289783196e-05,0.0,1
party locate in country,Entity,6.539170694281907e-05,3.421289258035266e-06,2
gen digital,Entity,6.538847103604988e-05,2.4811984312256856e-06,1
successor entity,Entity,6.534215468373888e-05,1.7538313325177802e-06,1
administering program,Entity,6.534215468373888e-05,1.7538313325177802e-06,1
platform,Entity,6.534083264917695e-05,1.968304670393816e-06,3
disclosure of information stryker,Entity,6.5296941101721e-05,3.4679910042698622e-06,1
retention of information stryker,Entity,6.5296941101721e-05,3.4679910042698622e-06,1
page,Entity,6.5296941101721e-05,3.069277271142409e-08,1
participate in stryker online community,Entity,6.5296941101721e-05,3.069277271142409e-08,1
payee,Entity,6.5296941101721e-05,4.290082305739303e-06,1
everest,Entity,6.5296941101721e-05,9.207831813427229e-08,1
authorized agent,Entity,6.528895657553486e-05,1.8415663626854457e-07,2
hardware identifier,DataPoint,6.521570871640856e-05,0.0,1
enphase,Entity,6.520966837363998e-05,2.1598541462597034e-06,1
shipping partner,Entity,6.520966837363998e-05,2.570154324430441e-07,1
public authority,Entity,6.519269867651311e-05,2.1775967765588692e-06,1
marketing agency,Entity,6.519269867651311e-05,2.1775967765588692e-06,1
accenture company affiliate,Entity,6.519269867651311e-05,2.1775967765588692e-06,1
synchrony,Entity,6.517588538212474e-05,1.3179107328661228e-06,1
voluntary cboe website registration form,Entity,6.516753671180776e-05,2.0376101881987528e-06,1
manufacturer of product,Entity,6.51608286945486e-05,0.0,1
collaboration partner,Entity,6.51608286945486e-05,0.0,1
Switzerland Tourism,Entity,6.51608286945486e-05,0.0,1
user alia,DataPoint,6.515083403823318e-05,0.0,1
service provider request mobile carrier,Entity,6.514271943155042e-05,4.603915906713614e-08,1
internet information,Category,6.509161685408114e-05,1.638994062790047e-05,1
technical mobile device information,Category,6.509161685408114e-05,3.277988125580094e-05,1
partner of labcorp,Entity,6.504675928122207e-05,3.4679910042698622e-06,1
provider of insurance broking we use,Entity,6.504675928122207e-05,1.5790541456993488e-06,1
third party online advertising,Entity,6.504675928122207e-05,5.597889546060502e-07,1
computer server locate within united states,Entity,6.504675928122207e-05,4.603915906713614e-08,1
gallagher group company,Entity,6.504675928122207e-05,1.5790541456993488e-06,1
asset purchaser,Entity,6.504675928122207e-05,1.5790541456993488e-06,1
key,Entity,6.504675928122207e-05,6.304362238345446e-07,1
successor entity in event of merger,Entity,6.504675928122207e-05,2.2208081224758445e-06,1
law enforcement about decedent,Entity,6.504675928122207e-05,5.831626815170578e-08,1
law enforcement authority,Entity,6.504675928122207e-05,2.2208081224758445e-06,1
service provider with whom we contract,Entity,6.504675928122207e-05,2.2208081224758445e-06,1
exchange,Entity,6.504675928122207e-05,2.2208081224758445e-06,1
industry body,Entity,6.504675928122207e-05,1.5790541456993488e-06,1
insurer who provide you with insurance,Entity,6.504675928122207e-05,1.5790541456993488e-06,1
labcorp personnel,Entity,6.504675928122207e-05,9.207831813427229e-08,1
marketaxess,Entity,6.504675928122207e-05,2.176620188336233e-06,1
contract service provider for use describe in we use personal information section above,Entity,6.504675928122207e-05,4.293918902328231e-06,1
sub,Entity,6.504675928122207e-05,2.176620188336233e-06,1
marketaxess group company,Entity,6.504675928122207e-05,2.176620188336233e-06,1
independent contractor,Entity,6.504675928122207e-05,2.178187022187935e-06,1
financial institution,Entity,6.493377394293223e-05,1.5306036762484216e-06,1
bank issue mastercard card,Entity,6.493377394293223e-05,1.3008232718216174e-06,1
third parties with whom,Entity,6.493377394293223e-05,1.0289680000383191e-06,1
sold synchrony,Entity,6.493377394293223e-05,1.0289680000383191e-06,1
advertising providers,Entity,6.485222142820103e-05,3.6651348384697164e-06,2
new provider,Entity,6.482785018828549e-05,4.288438050058334e-06,1
skywork,Entity,6.482785018828549e-05,9.207831813427229e-08,1
Aon,Entity,6.482785018828549e-05,9.207831813427229e-08,1
danaher corporation,Entity,6.482785018828549e-05,1.2277109084569637e-07,1
acquire organization,Entity,6.482785018828549e-05,4.302140180733077e-06,1
different website,Entity,6.482785018828549e-05,4.603915906713614e-08,1
insurance market participant,Entity,6.482785018828549e-05,3.069277271142409e-08,1
provider of third,Entity,6.482785018828549e-05,6.305272103149145e-07,1
operating system version information,DataPoint,6.47747074656043e-05,0.0,1
referral source,DataPoint,6.47747074656043e-05,0.0,1
timing,DataPoint,6.47747074656043e-05,0.0,1
page view,DataPoint,6.47747074656043e-05,0.0,1
identification number,DataPoint,6.47747074656043e-05,0.0,1
website,DataPoint,6.47747074656043e-05,9.54175933257906e-07,1
mobile device number,DataPoint,6.47747074656043e-05,0.0,1
login logout info,DataPoint,6.47747074656043e-05,0.0,1
proxy server information,DataPoint,6.47747074656043e-05,0.0,1
traffic referral,DataPoint,6.47747074656043e-05,0.0,1
website navigation path,DataPoint,6.47747074656043e-05,0.0,1
pattern,DataPoint,6.47747074656043e-05,0.0,1
length of visit,DataPoint,6.47747074656043e-05,0.0,1
physical identification of you,DataPoint,6.473555032742956e-05,0.0,1
particular category,DataPoint,6.473555032742956e-05,0.0,1
employee training,DataPoint,6.473555032742956e-05,0.0,1
personal information concern you,DataPoint,6.473555032742956e-05,0.0,1
confirmation from intuitive,DataPoint,6.473555032742956e-05,0.0,1
information relate to criminal conviction prevent,DataPoint,6.473555032742956e-05,0.0,1
information concern health,DataPoint,6.473555032742956e-05,0.0,1
third party payment service information,DataPoint,6.473555032742956e-05,0.0,1
applicable sensitive personal information,DataPoint,6.473555032742956e-05,0.0,1
foregoing category,DataPoint,6.473555032742956e-05,0.0,1
current employer name,DataPoint,6.470860332034322e-05,0.0,1
professional certification,DataPoint,6.470860332034322e-05,0.0,1
salary information,DataPoint,6.470860332034322e-05,0.0,1
pensionable service period,DataPoint,6.470860332034322e-05,0.0,1
job title employment status,DataPoint,6.470860332034322e-05,0.0,1
employment benefit,DataPoint,6.470860332034322e-05,0.0,1
tax,DataPoint,6.470860332034322e-05,0.0,1
profession,DataPoint,6.470860332034322e-05,0.0,1
expense information,DataPoint,6.470860332034322e-05,0.0,1
employer employee identification information,DataPoint,6.470860332034322e-05,0.0,1
participant in open banking ecosystem,Entity,6.465131059720762e-05,1.2547841127544813e-06,1
service provider act on behalf,Entity,6.465131059720762e-05,1.2547841127544813e-06,1
analytics providers,Entity,6.465131059720762e-05,1.2547841127544813e-06,1
service provider who perform service on behalf for purpose describe in global privacy notice,Entity,6.465131059720762e-05,1.2547841127544813e-06,1
headquarters in u.s.,Entity,6.465131059720762e-05,1.2547841127544813e-06,1
authorized ede partner,Entity,6.463469510628264e-05,3.069277271142409e-08,1
health sherpa,Entity,6.463469510628264e-05,3.069277271142409e-08,1
medical provider,Entity,6.463469510628264e-05,5.711267299323636e-06,1
company work with,Entity,6.463469510628264e-05,5.8162804288148654e-06,1
particular software product,Entity,6.463469510628264e-05,2.4847327505076075e-06,1
personal data of website software user,Category,6.46217254714198e-05,0.0,1
co,Entity,6.450411138887227e-05,8.937524098371805e-07,1
first solar brand,Entity,6.449028009170107e-05,3.6831327253708916e-08,1
trust business partner,Entity,6.449028009170107e-05,3.6831327253708916e-08,1
adi,Entity,6.446300170005788e-05,8.635411602359168e-06,1
we to whom,Entity,6.446300170005788e-05,4.603915906713614e-08,1
we as,Entity,6.446300170005788e-05,4.603915906713614e-08,1
intuitive,Entity,6.446300170005788e-05,9.207831813427229e-08,1
different service within website,Entity,6.446300170005788e-05,9.207831813427229e-08,1
trusted party,Entity,6.446300170005788e-05,4.6653014521364625e-07,1
invoice partner,Entity,6.446300170005788e-05,1.2452702533467283e-07,1
tax information,DataPoint,6.445271123304446e-05,0.0,1
information about financial,DataPoint,6.445271123304446e-05,0.0,1
detail of income,DataPoint,6.445271123304446e-05,0.0,1
brokerage account number,DataPoint,6.445271123304446e-05,0.0,1
information protect under federal law,DataPoint,6.445271123304446e-05,0.0,1
investment preference,DataPoint,6.445271123304446e-05,0.0,1
information about your,DataPoint,6.445271123304446e-05,0.0,1
in instance identification document,Category,6.442974990559329e-05,1.8415663626854457e-07,1
members of investigator teams,Entity,6.43841155404411e-05,2.4924756999870804e-06,1
|healthcare provider,Entity,6.43841155404411e-05,2.4924756999870804e-06,1
clinical investigator,Entity,6.43841155404411e-05,2.4924756999870804e-06,1
application submit,Entity,6.43612745076298e-05,2.0159921601213398e-06,1
health care professional,Entity,6.434625018382504e-05,1.2277109084569639e-08,1
medical examiners,Entity,6.434625018382504e-05,1.2277109084569639e-08,1
health oversight agency perform activity authorize,Entity,6.434625018382504e-05,1.2277109084569639e-08,1
social service,Entity,6.434625018382504e-05,1.2277109084569639e-08,1
protective agency,Entity,6.434625018382504e-05,1.2277109084569639e-08,1
organization involve in organ transplantation,Entity,6.434625018382504e-05,1.2277109084569639e-08,1
company act on behalf,Entity,6.434625018382504e-05,1.2277109084569639e-08,1
medical examiner for purpose of,Entity,6.434625018382504e-05,1.2277109084569639e-08,1
applied materials,Entity,6.430938128396206e-05,9.207831813427229e-08,1
company with whom we merge,Entity,6.430938128396206e-05,1.724862447840845e-07,1
webchoices tool,Entity,6.430938128396206e-05,9.207831813427229e-08,1
tool,Entity,6.430938128396206e-05,4.603915906713614e-08,1
control company,Entity,6.426170598241507e-05,1.9455318700644804e-06,1
cboe global markets,Entity,6.426170598241507e-05,1.9455318700644804e-06,1
own subsidiary,Entity,6.426170598241507e-05,1.9455318700644804e-06,1
telephony log information,Category,6.42047660891201e-05,1.9440403627978168e-05,1
available customer list information,Category,6.42047660891201e-05,0.0,1
information you not provide,Category,6.42047660891201e-05,0.0,1
web traffic information,Category,6.42047660891201e-05,3.050463000077742e-06,1
ibm subsidiary,Entity,6.420437492359274e-05,2.894766934868884e-06,1
insurance detail,DataPoint,6.417782929742373e-05,0.0,1
information about company,DataPoint,6.417782929742373e-05,0.0,1
licensing,DataPoint,6.417782929742373e-05,0.0,1
disciplinary record,DataPoint,6.417782929742373e-05,0.0,1
pension information,DataPoint,6.417782929742373e-05,0.0,1
name of organization,DataPoint,6.417782929742373e-05,0.0,1
insulet corporation,Entity,6.41711229094758e-05,2.4828725824644907e-06,1
insulet,Entity,6.41711229094758e-05,2.4828725824644907e-06,1
aggregation service provider,Entity,6.41711229094758e-05,4.603915906713614e-08,1
citi,Entity,6.41711229094758e-05,4.603915906713614e-08,1
ge healthcare,Entity,6.41711229094758e-05,6.314047895933203e-07,1
authorize party,Entity,6.41711229094758e-05,2.4828725824644907e-06,1
member of blackrock group,Entity,6.41711229094758e-05,9.207831813427229e-08,1
developer portal,Entity,6.410705195544558e-05,1.8415663626854457e-07,1
web browser,Entity,6.405469227141873e-05,6.79347349491107e-07,2
controller data,Category,6.40479837082724e-05,0.0,2
professional datum,Category,6.40479837082724e-05,5.550608571514033e-08,2
cadence,Entity,6.404603199922632e-05,9.207831813427229e-08,1
network,Entity,6.399212802497393e-05,3.406035309973384e-07,2
affliates group policy sponsor,Entity,6.393871540062089e-05,9.753002427493745e-07,1
consumer datum,Entity,6.393871540062089e-05,9.753002427493745e-07,1
fduciary representative,Entity,6.393871540062089e-05,9.753002427493745e-07,1
insurance|- affliates group policy sponsor,Entity,6.393871540062089e-05,9.753002427493745e-07,1
|geolocation affliates group policy sponsor,Entity,6.393871540062089e-05,9.753002427493745e-07,1
agent industry self- regulatory body attorney,Entity,6.393871540062089e-05,9.753002427493745e-07,1
disciplinary history|- affliates group policy sponsor,Entity,6.393871540062089e-05,9.753002427493745e-07,1
consumer reporting agency government,Entity,6.393871540062089e-05,9.753002427493745e-07,1
services|- affliates group policy sponsor,Entity,6.393871540062089e-05,9.753002427493745e-07,1
information used|- affliates group policy sponsor,Entity,6.393871540062089e-05,9.753002427493745e-07,1
davita,Entity,6.393231298990862e-05,9.207831813427229e-08,1
professional advisers,Entity,6.393231298990862e-05,2.1675840643421704e-06,1
mobile application,Entity,6.393231298990862e-05,2.824831259904996e-07,1
data technologies,Entity,6.393231298990862e-05,2.824831259904996e-07,1
company within brown family of company,Entity,6.393231298990862e-05,2.1675840643421704e-06,1
feature,Entity,6.393205095818178e-05,3.4402486121332296e-07,2
professional service provider,Entity,6.392291102457134e-05,1.0068741629537857e-06,1
select entity,Entity,6.392291102457134e-05,1.0068741629537857e-06,1
ice affiliates,Entity,6.392291102457134e-05,1.0068741629537857e-06,1
security broker,Entity,6.392291102457134e-05,1.0068741629537857e-06,1
lender,Entity,6.389547263593394e-05,3.7651446242016902e-06,2
branch,DataPoint,6.386279824293613e-05,0.0,1
statistic regard,DataPoint,6.386279824293613e-05,0.0,1
atm vestibule,DataPoint,6.386279824293613e-05,0.0,1
navigation,DataPoint,6.386279824293613e-05,0.0,1
geotag information in photograph,DataPoint,6.386279824293613e-05,0.0,1
router ssid,DataPoint,6.386279824293613e-05,0.0,1
OneSpot,Entity,6.382848259009682e-05,9.207831813427229e-08,1
governmental agency,Entity,6.382848259009682e-05,3.4679910042698622e-06,1
research data,Category,6.382447701512687e-05,0.0,2
assignments,Entity,6.381859398059093e-05,1.939982028045731e-06,1
third party advertising partners,Entity,6.381859398059093e-05,1.939982028045731e-06,1
third party partner with whom we offer co - brand - market promotion,Entity,6.381859398059093e-05,1.939982028045731e-06,1
external auditor,Entity,6.377988112635512e-05,1.1679425821063642e-06,1
legal professional advisor,Entity,6.377988112635512e-05,1.1679425821063642e-06,1
t. rowe price affiliate,Entity,6.377988112635512e-05,1.1679425821063642e-06,1
provider of administrative service,Entity,6.377988112635512e-05,1.1679425821063642e-06,1
outside entity engage we as,Entity,6.377988112635512e-05,1.1679425821063642e-06,1
infrastructure service provider,Entity,6.377988112635512e-05,1.1679425821063642e-06,1
existing company in t. rowe price family of company,Entity,6.377988112635512e-05,1.1679425821063642e-06,1
plan sponsor,Entity,6.377988112635512e-05,1.1679425821063642e-06,1
u.s. headquarters,Entity,6.373330472360266e-05,2.4686954445930236e-06,1
agilent,Entity,6.373330472360266e-05,2.4686954445930236e-06,1
agilent technologies inc.,Entity,6.373330472360266e-05,2.4686954445930236e-06,1
company for you work,Entity,6.371521306302939e-05,1.0991219332914306e-06,1
msi entity,Entity,6.371521306302939e-05,1.0991219332914306e-06,1
processor,Entity,6.371521306302939e-05,1.0991219332914306e-06,1
influencer,Entity,6.371521306302939e-05,1.0991219332914306e-06,1
contest provider,Entity,6.371521306302939e-05,1.0991219332914306e-06,1
attorney,Entity,6.368862939851356e-05,2.4820355068450877e-06,1
passive information collection technology,Entity,6.364574108642803e-05,9.207831813427229e-08,1
division,Entity,6.364574108642803e-05,1.947517241725884e-06,1
hold company,Entity,6.364574108642803e-05,1.947517241725884e-06,1
transactional party,Entity,6.364574108642803e-05,1.947517241725884e-06,1
entity perform service on behalf,Entity,6.364574108642803e-05,1.947517241725884e-06,1
plugin,Entity,6.364574108642803e-05,9.207831813427229e-08,1
third party payment processor,Entity,6.364574108642803e-05,4.603915906713614e-08,1
agents,Entity,6.359787711601131e-05,0.0,1
information about browser device,Category,6.359133088417544e-05,8.287048632084505e-07,1
nvidia,Entity,6.359115596195553e-05,1.8415663626854457e-07,1
main datum center in united states,Entity,6.356491311365145e-05,4.313540353454462e-06,1
biogen,Entity,6.356491311365145e-05,1.071297349860044e-06,1
third party for cross - context behavioral advertising,Entity,6.356491311365145e-05,3.4391617213302014e-06,1
visa website,Entity,6.356491311365145e-05,4.603915906713614e-08,1
visa,Entity,6.356491311365145e-05,4.313540353454462e-06,1
log number,DataPoint,6.353234361312758e-05,0.0,1
access credential,DataPoint,6.353234361312758e-05,0.0,1
organization affiliate with,Entity,6.350228229839873e-05,3.4529369300352106e-07,1
product provide,Entity,6.350228229839873e-05,3.4529369300352106e-07,1
affliate,Entity,6.349007239811757e-05,2.491452607563366e-06,1
firm with whom we have direct,Entity,6.349007239811757e-05,4.603915906713614e-08,1
entity detect,Entity,6.349007239811757e-05,2.491452607563366e-06,1
suppliers,Entity,6.349007239811757e-05,1.09414390864584e-06,1
vendor be,Entity,6.349007239811757e-05,9.207831813427229e-08,1
service provider for auditing,Entity,6.349007239811757e-05,1.09414390864584e-06,1
team of supplier,Entity,6.349007239811757e-05,1.09414390864584e-06,1
website link through services,Entity,6.349007239811757e-05,2.793440924177403e-07,1
quest,Entity,6.349007239811757e-05,9.207831813427229e-08,1
associated firm,Entity,6.349007239811757e-05,2.491452607563366e-06,1
entity help,Entity,6.349007239811757e-05,2.491452607563366e-06,1
coinbase,Entity,6.349007239811757e-05,2.8816527501649116e-06,1
quest diagnostics,Entity,6.349007239811757e-05,3.4522792277628227e-06,1
advertising,Entity,6.349007239811757e-05,4.603915906713614e-08,1
bio techne,Entity,6.342057744797899e-05,9.207831813427229e-08,1
government entity,Entity,6.341182983187762e-05,7.884678697785494e-06,2
certain web browser,Entity,6.340297553753113e-05,1.4579067037926443e-07,2
similar tracking technologies,Entity,6.335587525302237e-05,6.292483447852718e-07,1
institution,Entity,6.335587525302237e-05,9.207831813427229e-08,1
align global websites,Entity,6.335587525302237e-05,4.603915906713614e-08,1
invesco,Entity,6.335587525302237e-05,3.491302895924491e-07,1
Demandbase,Entity,6.335587525302237e-05,1.1647119519763103e-07,1
cboe websites,Entity,6.335587525302237e-05,9.719947464481167e-08,1
visual information,DataPoint,6.334752391623508e-05,1.1553890214197376e-08,1
login name,DataPoint,6.334752391623508e-05,0.0,1
gamer tag,DataPoint,6.334752391623508e-05,0.0,1
user credential,DataPoint,6.334752391623508e-05,0.0,1
copy of official document,DataPoint,6.334752391623508e-05,0.0,1
pnr,DataPoint,6.334752391623508e-05,0.0,1
license plate number,DataPoint,6.334752391623508e-05,0.0,1
identifier identify you,DataPoint,6.334752391623508e-05,0.0,1
military passbook,DataPoint,6.334752391623508e-05,0.0,1
pseudonymized identifier,DataPoint,6.334752391623508e-05,0.0,1
death,DataPoint,6.334752391623508e-05,0.0,1
birth,DataPoint,6.334752391623508e-05,0.0,1
identification number issue,DataPoint,6.334752391623508e-05,0.0,1
identifi number,DataPoint,6.334752391623508e-05,0.0,1
id number,DataPoint,6.334752391623508e-05,0.0,1
internet tracking datum,Category,6.331791532415905e-05,0.0,1
information regard yourself,Category,6.331791532415905e-05,0.0,1
pseudonymisation,Category,6.331791532415905e-05,3.277988125580094e-05,1
registration information relate to online training,Category,6.331791532415905e-05,3.277988125580094e-05,1
professional experience,Category,6.331791532415905e-05,0.0,1
governmental identification,Category,6.331791532415905e-05,0.0,1
information for legitimate business interest,Category,6.331791532415905e-05,0.0,1
hashed detail about identity with third party ad provider,Category,6.331791532415905e-05,0.0,1
information gather from blockchain,Category,6.331791532415905e-05,3.277988125580094e-05,1
nonpublic personal information about investor from source,Category,6.331791532415905e-05,3.277988125580094e-05,1
legal request.| ||commercial information,Category,6.331791532415905e-05,0.0,1
blog information,Category,6.331791532415905e-05,0.0,1
personal information include,Category,6.331791532415905e-05,0.0,1
common account identifier,Category,6.331791532415905e-05,1.638994062790047e-05,1
identifier from you,Category,6.331791532415905e-05,0.0,1
communication usage information,Category,6.331791532415905e-05,0.0,1
background information,Category,6.331791532415905e-05,3.277988125580094e-05,1
login detail,Category,6.331791532415905e-05,1.925325447671666e-06,1
bsc,Entity,6.329548653772952e-05,4.3479601057094175e-07,1
company provide service to we,Entity,6.329548653772952e-05,4.286063014074713e-06,1
online service,Entity,6.329548653772952e-05,3.491302895924491e-07,1
hartford,Entity,6.329548653772952e-05,6.256603668097988e-08,1
work experience,DataPoint,6.327252572641778e-05,0.0,1
copilot,Entity,6.32575237353785e-05,8.256355859373081e-07,1
service provider who provide,Entity,6.318603199126123e-05,3.4679910042698622e-06,1
payment service provider,Entity,6.316077324976855e-05,1.5014741886212037e-06,1
business entity,Entity,6.313627992468474e-05,3.069277271142409e-08,1
department,Entity,6.313627992468474e-05,3.069277271142409e-08,1
feedback feature in pc manager,Entity,6.313514445386841e-05,0.0,1
base application,Entity,6.313514445386841e-05,4.5732231340021904e-07,1
operating system of device,Entity,6.313514445386841e-05,0.0,1
aggregated identify diagnostic datum,Category,6.310588859878028e-05,1.657409726416901e-05,2
personal datum from shareholder of company,Category,6.310588859878028e-05,1.657409726416901e-05,2
information about interaction with email communication,Category,6.310588859878028e-05,0.0,2
third party datum,Category,6.310588859878028e-05,1.657409726416901e-05,2
corporate affiliate,Entity,6.310544079828538e-05,9.257157246372005e-07,2
promotion,Entity,6.310303898349957e-05,1.2213165808087505e-07,2
marketing communications,Entity,6.30894544502598e-05,4.603915906713614e-08,1
trimble website,Entity,6.304530471723058e-05,5.038730186792122e-07,1
country in compliance with applicable law,Entity,6.304530471723058e-05,2.479431271584725e-06,1
authorize sale partner,Entity,6.304530471723058e-05,2.479431271584725e-06,1
most browser,Entity,6.304530471723058e-05,3.2754899634472727e-07,1
Fiserv,Company,6.30112713999673e-05,0.0,1
criminal investigation agency,Entity,6.300360774714743e-05,1.2537051936930954e-06,1
AMERICAN INTERNATIONAL GROUP,Entity,6.300360774714743e-05,1.2537051936930954e-06,1
tax authority,Entity,6.300360774714743e-05,1.2537051936930954e-06,1
governmental authority,Entity,6.300360774714743e-05,1.2537051936930954e-06,1
compensation board,Entity,6.300360774714743e-05,1.2537051936930954e-06,1
governmental public authority,Entity,6.300360774714743e-05,1.2537051936930954e-06,1
channel partners,Entity,6.300360774714743e-05,4.603915906713614e-08,1
regulatory body,Entity,6.300360774714743e-05,3.069277271142409e-08,1
citizens,Entity,6.298361604916236e-05,4.344233126165886e-06,1
children zimmer biomet,Entity,6.296416466733904e-05,4.603915906713614e-08,1
public database,Entity,6.296011108530891e-05,0.0,1
tracking technology,Entity,6.289134667384662e-05,1.8312778481064122e-07,1
windows,Entity,6.289038589084818e-05,1.6727561127726134e-06,1
support services,Entity,6.287429435891486e-05,8.770459802289435e-07,1
security solution we use,Entity,6.287429435891486e-05,9.735117908726052e-08,1
email service provider,Entity,6.286660341687421e-05,3.163893166215646e-06,2
request party act on behalf of customer,Entity,6.282563287484127e-05,4.603915906713614e-08,1
charles river,Entity,6.282563287484127e-05,9.207831813427229e-08,1
paypal payment datum,DataPoint,6.282396866323655e-05,0.0,1
automatic datum collection tool,Entity,6.27660319873713e-05,9.207831813427229e-08,1
supplier for purpose as analysis,Entity,6.274975209434084e-05,1.8415663626854457e-07,1
legal authority,Entity,6.271172895656533e-05,4.603915906713614e-08,1
opendoor reporting platform,Entity,6.271172895656533e-05,3.418288694525446e-08,1
hang ceiling sensor,Entity,6.271172895656533e-05,9.207831813427229e-08,1
government entities,Entity,6.268634819216689e-05,2.301957953356807e-08,1
regulators,Entity,6.268634819216689e-05,2.301957953356807e-08,1
iris pattern,DataPoint,6.266628772686321e-05,0.0,1
image of facial feature for identification,DataPoint,6.266628772686321e-05,0.0,1
iris scan,DataPoint,6.266628772686321e-05,0.0,1
individual biological characteristic,DataPoint,6.266628772686321e-05,0.0,1
retina,DataPoint,6.266628772686321e-05,0.0,1
unique physical representation,DataPoint,6.266628772686321e-05,0.0,1
iris image,DataPoint,6.266628772686321e-05,0.0,1
full face,DataPoint,6.266628772686321e-05,0.0,1
biological measurement,DataPoint,6.266628772686321e-05,0.0,1
facial geometry,DataPoint,6.266628772686321e-05,0.0,1
research firm we hire,Entity,6.266204746029605e-05,2.301957953356807e-08,1
company perform administrative service for t. rowe price,Entity,6.266204746029605e-05,2.301957953356807e-08,1
covered sites,Entity,6.266204746029605e-05,3.069277271142409e-08,1
data controller,Entity,6.266204746029605e-05,9.207831813427229e-08,1
United Internet,Entity,6.266204746029605e-05,4.603915906713614e-08,1
third party for personalized advertising purpose,Entity,6.261642159637527e-05,4.313540353454462e-06,1
pharmacy,Entity,6.261642159637527e-05,9.257157246372005e-07,1
parent entity,Entity,6.261642159637527e-05,9.257157246372005e-07,1
business unit,Entity,6.261642159637527e-05,9.257157246372005e-07,1
company within dell group,Entity,6.261642159637527e-05,4.313540353454462e-06,1
entity in connection with corporate transaction as,Entity,6.261642159637527e-05,9.257157246372005e-07,1
company share common ownership,Entity,6.261642159637527e-05,9.257157246372005e-07,1
datum broker,Entity,6.261642159637527e-05,9.257157246372005e-07,1
entity to you consent to disclosure,Entity,6.261642159637527e-05,9.257157246372005e-07,1
service feature,Entity,6.25949774403325e-05,5.763937366934946e-08,1
S&P Global,Entity,6.25949774403325e-05,2.8734680107751985e-06,1
non - us party,Entity,6.25949774403325e-05,9.207831813427229e-08,1
allstate affiliate,Entity,6.255456345394421e-05,2.8785834728937693e-06,1
social plugin,Entity,6.255456345394421e-05,9.207831813427229e-08,1
data collection technologies,Entity,6.255456345394421e-05,9.207831813427229e-08,1
datum you provide,Category,6.252324804631784e-05,8.593976359198746e-07,1
connect application,Entity,6.251714309617728e-05,4.603915906713614e-08,1
conference sponsor,Entity,6.251714309617728e-05,2.812042604608569e-07,1
Wegmans Food Markets,Entity,6.245004452362967e-05,9.207831813427229e-08,1
Salesforce.com,Entity,6.245004452362967e-05,6.258868283980935e-07,1
Intuit,Company,6.243250402972306e-05,0.0,1
custom personalized content,Category,6.243106455919802e-05,1.638994062790047e-05,1
personal data from social medium account,Category,6.243106455919802e-05,1.638994062790047e-05,1
quantitative user information,Category,6.243106455919802e-05,1.638994062790047e-05,1
datum regard product you use,Category,6.243106455919802e-05,0.0,1
questionnaire response,Category,6.243106455919802e-05,0.0,1
information cover month precede request,Category,6.243106455919802e-05,0.0,1
electronic signature,Category,6.243106455919802e-05,1.638994062790047e-05,1
survey datum,Category,6.243106455919802e-05,0.0,1
information in relation,Category,6.243106455919802e-05,0.0,1
information from business system include personal information,Category,6.243106455919802e-05,0.0,1
correspondence data,Category,6.243106455919802e-05,0.0,1
voluntary information you provide in connection with job inquiry on career page,Category,6.243106455919802e-05,1.638994062790047e-05,1
collate information,Category,6.243106455919802e-05,0.0,1
social activity,Category,6.243106455919802e-05,1.638994062790047e-05,1
demographic detail,Category,6.243106455919802e-05,0.0,1
advertising information,Category,6.243106455919802e-05,1.638994062790047e-05,1
information from profile,Category,6.243106455919802e-05,1.638994062790047e-05,1
tax id number,Category,6.243106455919802e-05,0.0,1
license medical professional,Entity,6.241985016598324e-05,4.603915906713614e-08,1
Global Payments,Entity,6.241985016598324e-05,9.207831813427229e-08,1
potential transaction partner,Entity,6.241985016598324e-05,2.8842802375258138e-06,1
healthcare provider involve in care,Entity,6.241985016598324e-05,2.8842802375258138e-06,1
[ rd ] party,Entity,6.237815319590009e-05,9.207831813427229e-08,1
[ rd ] party we work with,Entity,6.237815319590009e-05,3.4274720471812273e-07,1
in,Entity,6.237815319590009e-05,4.2253254945842757e-07,1
promotional partner,Entity,6.235249352200277e-05,5.261618179101273e-08,1
transferee,Entity,6.235249352200277e-05,1.4554350295540677e-06,1
event promoter,Entity,6.235249352200277e-05,5.261618179101273e-08,1
hosting provider,Entity,6.232836576893514e-05,4.603915906713614e-08,1
comprehensive overview of practice of water,Entity,6.232836576893514e-05,4.603915906713614e-08,1
product selection assistance,Entity,6.232836576893514e-05,4.603915906713614e-08,1
center,Entity,6.232836576893514e-05,5.4414897854133537e-08,1
|service provider process payment,Entity,6.23168341222484e-05,7.673193177856024e-08,1
share offer,Entity,6.229475925573377e-05,2.046184847428273e-08,1
market communication,Entity,6.229475925573377e-05,4.603915906713614e-08,1
potential acquirer,Entity,6.229475925573377e-05,2.175922625320064e-06,1
merchant with whom we do business for purpose of,Entity,6.229475925573377e-05,2.175922625320064e-06,1
affiliate support core business function,Entity,6.229475925573377e-05,2.175922625320064e-06,1
service provider support core business function include,Entity,6.229475925573377e-05,2.175922625320064e-06,1
sms program,Entity,6.229475925573377e-05,4.603915906713614e-08,1
own tracking technology,Entity,6.228943623827635e-05,4.380695741539621e-07,1
enterprise online service,Entity,6.227848948329763e-05,3.069277271142409e-08,1
mobile plan app,Entity,6.227848948329763e-05,8.453497899481075e-07,1
fortigate cloud sandbox,Entity,6.227428217835031e-05,1.3811747720140842e-07,1
saas,Entity,6.227428217835031e-05,1.3811747720140842e-07,1
company in american express group,Entity,6.222652785014316e-05,2.4807476981998534e-06,1
account setting,Category,6.221903783381924e-05,0.0,1
nd mobile information,Category,6.221903783381924e-05,0.0,1
embed video,Entity,6.22177802340418e-05,4.603915906713614e-08,1
service provider who perform service on behalf include cloud service,Entity,6.22177802340418e-05,2.1734113984618573e-06,1
u.s. food administration,Entity,6.217720394248729e-05,1.8415663626854457e-07,1
customer programs,Entity,6.217720394248729e-05,3.069277271142409e-08,1
healthcare professional,Entity,6.216966834548431e-05,9.207831813427229e-08,1
bing,Entity,6.215611020178752e-05,0.0,1
company who assist with information technology healthcare provider health insurance company,Entity,6.212155645692683e-05,1.3154045447753183e-08,1
healthcare product use,Entity,6.212155645692683e-05,3.721498691260171e-07,1
healthcare provider provide safety information,Entity,6.211840157898863e-05,7.9884613323375e-08,1
healthcare provider receive services,Entity,6.211840157898863e-05,7.9884613323375e-08,1
online services,Entity,6.20914865265784e-05,2.8308774327863794e-07,1
interactive application,Entity,6.20914865265784e-05,2.8308774327863794e-07,1
service provider operate on behalf,Entity,6.204938862409059e-05,2.8667530958035267e-07,1
tv,Entity,6.203373092027741e-05,6.905873860070421e-08,1
Clipchamp,Entity,6.203373092027741e-05,1.8415663626854458e-08,1
movies,Entity,6.203373092027741e-05,6.905873860070421e-08,1
client,Entity,6.203323299614708e-05,2.301957953356807e-08,1
identity verification agency,Entity,6.203323299614708e-05,0.0,1
risk management,Entity,6.203323299614708e-05,0.0,1
company in process chain,Entity,6.203323299614708e-05,0.0,1
msi entity in region,Entity,6.197841364799546e-05,4.259718384164072e-07,1
marketing providers,Entity,6.197841364799546e-05,2.301957953356807e-08,1
specific opt program,Entity,6.197841364799546e-05,3.069277271142409e-08,1
msi entity responsible,Entity,6.197841364799546e-05,4.259718384164072e-07,1
payment processor from whom you purchase product,Entity,6.197135348777173e-05,9.207831813427229e-08,1
good,Entity,6.191559542768072e-05,7.673193177856024e-08,1
mobile operator,Entity,6.191135163876731e-05,0.0,1
mixed reality,Entity,6.191135163876731e-05,6.215286474063378e-07,1
restaurant guide,Entity,6.191135163876731e-05,0.0,1
app run on windows,Entity,6.191135163876731e-05,0.0,1
bing service,Entity,6.191135163876731e-05,0.0,1
outlook,Entity,6.191135163876731e-05,0.0,1
surface,Entity,6.191135163876731e-05,1.1049398176112674e-06,1
individual app,Entity,6.191135163876731e-05,1.8415663626854457e-07,1
smart app control,Entity,6.191135163876731e-05,0.0,1
app not use precise location,Entity,6.191135163876731e-05,0.0,1
mobile service provider,Entity,6.187257743364183e-05,4.603915906713614e-08,1
incyte biosciences canada corporation,Entity,6.187257743364183e-05,9.207831813427229e-08,1
ice,Entity,6.185447865036755e-05,2.7623495440281684e-07,1
wireless carrier,Entity,6.184031053939901e-05,4.603915906713614e-08,1
business alliance partners gilead sciences k.k.,Entity,6.18313076866128e-05,9.207831813427229e-08,1
mastercard,Entity,6.182667713996158e-05,9.207831813427229e-08,1
merchant you make transaction,Entity,6.182667713996158e-05,2.7581956349394043e-07,1
gallagher,Entity,6.17943956147359e-05,9.207831813427229e-08,1
enterprise appliance,Entity,6.17889723572572e-05,1.8415663626854457e-07,1
feedback hub,Entity,6.17889723572572e-05,2.532153748692488e-07,1
enterprise software,Entity,6.17889723572572e-05,1.8415663626854457e-07,1
productivity product,Entity,6.17889723572572e-05,1.2277109084569637e-07,1
third party partner with whom we offer co - brand - market promotion as,Entity,6.17863252334295e-05,1.5346386355712047e-08,1
site from you come,Entity,6.177565953126242e-05,1.0282078858327072e-07,1
site to you go,Entity,6.177565953126242e-05,1.0282078858327072e-07,1
servicer,Entity,6.175105703165735e-05,9.207831813427229e-08,1
participating partners,Entity,6.172990461095885e-05,0.0,1
thirdpartie,Entity,6.168506682990662e-05,1.962105251879402e-07,1
party work on behalf,Entity,6.168506682990662e-05,1.962105251879402e-07,1
mobile applications,Entity,6.168506682990662e-05,2.8662308137948237e-07,1
consistent experience across product,Entity,6.166659307574708e-05,1.8415663626854457e-07,1
photos legacy app,Entity,6.166659307574708e-05,3.069277271142409e-08,1
photo edit app,Entity,6.166659307574708e-05,9.97515113121283e-08,1
windows operator messages app,Entity,6.166659307574708e-05,3.6831327253708914e-07,1
internet explorer,Entity,6.166659307574708e-05,0.0,1
office,Entity,6.166659307574708e-05,1.2277109084569637e-07,1
local software,Entity,6.166659307574708e-05,0.0,1
school,Entity,6.166659307574708e-05,1.8415663626854457e-07,1
privacy preference,Category,6.166659307574708e-05,0.0,1
set of feature in windows,Entity,6.166659307574708e-05,2.1248842646370528e-08,1
productivity app,Entity,6.166659307574708e-05,1.2277109084569637e-07,1
extension,Entity,6.166659307574708e-05,9.207831813427229e-08,1
vendor work on behalf,Entity,6.166659307574708e-05,4.603915906713614e-08,1
company provide notification service on device,Entity,6.166659307574708e-05,4.603915906713614e-08,1
destination website,Entity,6.166659307574708e-05,2.1248842646370528e-08,1
app developer,Entity,6.166659307574708e-05,0.0,1
bing search services,Entity,6.166659307574708e-05,3.6831327253708914e-07,1
phone link,Entity,6.166659307574708e-05,0.0,1
record feature,Entity,6.166659307574708e-05,3.6831327253708914e-07,1
preview,Entity,6.166659307574708e-05,3.6831327253708914e-07,1
consumer copilot product,Entity,6.166659307574708e-05,4.603915906713614e-08,1
consistent experience,Entity,6.166659307574708e-05,1.8415663626854457e-07,1
specific product,Entity,6.166659307574708e-05,3.6831327253708914e-07,1
entity process payment transaction,Entity,6.166659307574708e-05,2.301957953356807e-08,1
surface duo,Entity,6.166659307574708e-05,0.0,1
xbox console,Entity,6.166659307574708e-05,3.6831327253708914e-07,1
related documentation,Entity,6.164763541294715e-05,3.246350959862164e-08,1
Intercontinental_Exchange,Company,6.154421379423697e-05,0.0,0
Charles_Schwab_Corporation,Company,6.154421379423697e-05,0.0,0
Supermicro,Company,6.154421379423697e-05,0.0,0
Travelers_Companies_(The),Company,6.154421379423697e-05,0.0,0
Thermo_Fisher_Scientific,Company,6.154421379423697e-05,0.0,0
Teradyne,Company,6.154421379423697e-05,0.0,0
Texas_Instruments,Company,6.154421379423697e-05,0.0,0
Boston_Scientific,Company,6.154421379423697e-05,0.0,0
Bristol_Myers_Squibb,Company,6.154421379423697e-05,0.0,0
Capital_One,Company,6.154421379423697e-05,0.0,0
Centene_Corporation,Company,6.154421379423697e-05,0.0,0
Synchrony_Financial,Company,6.154421379423697e-05,0.0,0
Jabil,Company,6.154421379423697e-05,0.0,0
Cboe_Global_Markets,Company,6.154421379423697e-05,0.0,0
Cardinal_Health,Company,6.154421379423697e-05,0.0,0
T._Rowe_Price,Company,6.154421379423697e-05,0.0,0
Synopsys,Company,6.154421379423697e-05,0.0,0
Cencora,Company,6.154421379423697e-05,0.0,0
Blackstone_Inc.,Company,6.154421379423697e-05,0.0,0
CVS_Health,Company,6.154421379423697e-05,0.0,0
Oracle_Corporation,Company,6.154421379423697e-05,0.0,0
AbbVie,Company,6.154421379423697e-05,0.0,0
Zimmer_Biomet,Company,6.154421379423697e-05,0.0,0
ON_Semiconductor,Company,6.154421379423697e-05,0.0,0
Keysight_Technologies,Company,6.154421379423697e-05,0.0,0
Labcorp,Company,6.154421379423697e-05,0.0,0
KLA_Corporation,Company,6.154421379423697e-05,0.0,0
KeyCorp,Company,6.154421379423697e-05,0.0,0
Teledyne_Technologies,Company,6.154421379423697e-05,0.0,0
Juniper_Networks,Company,6.154421379423697e-05,0.0,0
KKR_&_Co.,Company,6.154421379423697e-05,0.0,0
Jack_Henry_&_Associates,Company,6.154421379423697e-05,0.0,0
Johnson_&_Johnson,Company,6.154421379423697e-05,0.0,0
CME_Group,Company,6.154421379423697e-05,0.0,0
CDW_Corporation,Company,6.154421379423697e-05,0.0,0
TE_Connectivity,Company,6.154421379423697e-05,0.0,0
Cadence_Design_Systems,Company,6.154421379423697e-05,0.0,0
Brown_&_Brown,Company,6.154421379423697e-05,0.0,0
Lilly_(Eli),Company,6.154421379423697e-05,0.0,0
Moderna,Company,6.154421379423697e-05,0.0,0
Zebra_Technologies,Company,6.154421379423697e-05,0.0,0
Adobe_Inc.,Company,6.154421379423697e-05,0.0,0
Aflac,Company,6.154421379423697e-05,0.0,0
Advanced_Micro_Devices,Company,6.154421379423697e-05,0.0,0
Zoetis,Company,6.154421379423697e-05,0.0,0
Hewlett_Packard_Enterprise,Company,6.154421379423697e-05,0.0,0
Hartford_(The),Company,6.154421379423697e-05,0.0,0
McKesson_Corporation,Company,6.154421379423697e-05,0.0,0
NetApp,Company,6.154421379423697e-05,0.0,0
"Nasdaq,_Inc.",Company,6.154421379423697e-05,0.0,0
NXP_Semiconductors,Company,6.154421379423697e-05,0.0,0
Verisign,Company,6.154421379423697e-05,0.0,0
Universal_Health_Services,Company,6.154421379423697e-05,0.0,0
Insulet_Corporation,Company,6.154421379423697e-05,0.0,0
Idexx_Laboratories,Company,6.154421379423697e-05,0.0,0
Incyte,Company,6.154421379423697e-05,0.0,0
IBM,Company,6.154421379423697e-05,0.0,0
Cigna,Company,6.154421379423697e-05,0.0,0
Hologic,Company,6.154421379423697e-05,0.0,0
Palo_Alto_Networks,Company,6.154421379423697e-05,0.0,0
Stryker_Corporation,Company,6.154421379423697e-05,0.0,0
UnitedHealth_Group,Company,6.154421379423697e-05,0.0,0
BNY_Mellon,Company,6.154421379423697e-05,0.0,0
Merck_&_Co.,Company,6.154421379423697e-05,0.0,0
Assurant,Company,6.154421379423697e-05,0.0,0
Marsh_McLennan,Company,6.154421379423697e-05,0.0,0
Huntington_Bancshares,Company,6.154421379423697e-05,0.0,0
MetLife,Company,6.154421379423697e-05,0.0,0
Microchip_Technology,Company,6.154421379423697e-05,0.0,0
Berkshire_Hathaway,Company,6.154421379423697e-05,0.0,0
Bio-Techne,Company,6.154421379423697e-05,0.0,0
Baxter_International,Company,6.154421379423697e-05,0.0,0
Bank_of_America,Company,6.154421379423697e-05,0.0,0
Becton_Dickinson,Company,6.154421379423697e-05,0.0,0
Nvidia,Company,6.154421379423697e-05,0.0,0
Mastercard,Company,6.154421379423697e-05,0.0,0
MarketAxess,Company,6.154421379423697e-05,0.0,0
BlackRock,Company,6.154421379423697e-05,0.0,0
PTC_Inc.,Company,6.154421379423697e-05,0.0,0
JPMorgan_Chase,Company,6.154421379423697e-05,0.0,0
Invesco,Company,6.154421379423697e-05,0.0,0
Trimble_Inc.,Company,6.154421379423697e-05,0.0,0
Lam_Research,Company,6.154421379423697e-05,0.0,0
MSCI_Inc.,Company,6.154421379423697e-05,0.0,0
Loews_Corporation,Company,6.154421379423697e-05,0.0,0
Chubb_Limited,Company,6.154421379423697e-05,0.0,0
Biogen,Company,6.154421379423697e-05,0.0,0
Charles_River_Laboratories,Company,6.154421379423697e-05,0.0,0
Intuitive_Surgical,Company,6.154421379423697e-05,0.0,0
Palantir_Technologies,Company,6.154421379423697e-05,0.0,0
Seagate_Technology,Company,6.154421379423697e-05,0.0,0
Gen_Digital,Company,6.154421379423697e-05,0.0,0
Motorola_Solutions,Company,6.154421379423697e-05,0.0,0
Aon_plc,Company,6.154421379423697e-05,0.0,0
Apollo_Global_Management,Company,6.154421379423697e-05,0.0,0
Micron_Technology,Company,6.154421379423697e-05,0.0,0
Cisco,Company,6.154421379423697e-05,0.0,0
Globe_Life,Company,6.154421379423697e-05,0.0,0
Solventum,Company,6.154421379423697e-05,0.0,0
Cincinnati_Financial,Company,6.154421379423697e-05,0.0,0
HCA_Healthcare,Company,6.154421379423697e-05,0.0,0
Applied_Materials,Company,6.154421379423697e-05,0.0,0
Viatris,Company,6.154421379423697e-05,0.0,0
Arista_Networks,Company,6.154421379423697e-05,0.0,0
GoDaddy,Company,6.154421379423697e-05,0.0,0
Steris,Company,6.154421379423697e-05,0.0,0
Arthur_J._Gallagher_&_Co.,Company,6.154421379423697e-05,0.0,0
Goldman_Sachs,Company,6.154421379423697e-05,0.0,0
State_Street_Corporation,Company,6.154421379423697e-05,0.0,0
Corpay,Company,6.154421379423697e-05,0.0,0
Corning_Inc.,Company,6.154421379423697e-05,0.0,0
Cooper_Companies_(The),Company,6.154421379423697e-05,0.0,0
Salesforce,Company,6.154421379423697e-05,0.0,0
Fair_Isaac,Company,6.154421379423697e-05,0.0,0
Qualcomm,Company,6.154421379423697e-05,0.0,0
Quest_Diagnostics,Company,6.154421379423697e-05,0.0,0
FactSet,Company,6.154421379423697e-05,0.0,0
Franklin_Resources,Company,6.154421379423697e-05,0.0,0
Visa_Inc.,Company,6.154421379423697e-05,0.0,0
First_Solar,Company,6.154421379423697e-05,0.0,0
Fidelity_National_Information_Services,Company,6.154421379423697e-05,0.0,0
Progressive_Corporation,Company,6.154421379423697e-05,0.0,0
Prudential_Financial,Company,6.154421379423697e-05,0.0,0
Citizens_Financial_Group,Company,6.154421379423697e-05,0.0,0
GE_HealthCare,Company,6.154421379423697e-05,0.0,0
Ansys,Company,6.154421379423697e-05,0.0,0
Amphenol,Company,6.154421379423697e-05,0.0,0
Analog_Devices,Company,6.154421379423697e-05,0.0,0
W._R._Berkley_Corporation,Company,6.154421379423697e-05,0.0,0
Apple_Inc.,Company,6.154421379423697e-05,0.0,0
Citigroup,Company,6.154421379423697e-05,0.0,0
Global_Payments,Company,6.154421379423697e-05,0.0,0
Humana,Company,6.154421379423697e-05,0.0,0
Gilead_Sciences,Company,6.154421379423697e-05,0.0,0
Skyworks_Solutions,Company,6.154421379423697e-05,0.0,0
Everest_Group,Company,6.154421379423697e-05,0.0,0
Enphase_Energy,Company,6.154421379423697e-05,0.0,0
Roper_Technologies,Company,6.154421379423697e-05,0.0,0
Coinbase,Company,6.154421379423697e-05,0.0,0
Cognizant,Company,6.154421379423697e-05,0.0,0
"F5,_Inc.",Company,6.154421379423697e-05,0.0,0
Revvity,Company,6.154421379423697e-05,0.0,0
ResMed,Company,6.154421379423697e-05,0.0,0
Dell_Technologies,Company,6.154421379423697e-05,0.0,0
Danaher_Corporation,Company,6.154421379423697e-05,0.0,0
Dexcom,Company,6.154421379423697e-05,0.0,0
Regions_Financial_Corporation,Company,6.154421379423697e-05,0.0,0
Align_Technology,Company,6.154421379423697e-05,0.0,0
West_Pharmaceutical_Services,Company,6.154421379423697e-05,0.0,0
Wells_Fargo,Company,6.154421379423697e-05,0.0,0
Allstate,Company,6.154421379423697e-05,0.0,0
Waters_Corporation,Company,6.154421379423697e-05,0.0,0
Morgan_Stanley,Company,6.154421379423697e-05,0.0,0
CrowdStrike,Company,6.154421379423697e-05,0.0,0
American_Express,Company,6.154421379423697e-05,0.0,0
Amgen,Company,6.154421379423697e-05,0.0,0
American_International_Group,Company,6.154421379423697e-05,0.0,0
S&P_Global,Company,6.154421379423697e-05,0.0,0
EPAM_Systems,Company,6.154421379423697e-05,0.0,0
Regeneron_Pharmaceuticals,Company,6.154421379423697e-05,0.0,0
Abbott_Laboratories,Company,6.154421379423697e-05,0.0,0
Accenture,Company,6.154421379423697e-05,0.0,0
Western_Digital,Company,6.154421379423697e-05,0.0,0
Akamai_Technologies,Company,6.154421379423697e-05,0.0,0
DaVita,Company,6.154421379423697e-05,0.0,0
Monolithic_Power_Systems,Company,6.154421379423697e-05,0.0,0
Elevance_Health,Company,6.154421379423697e-05,0.0,0
Molina_Healthcare,Company,6.154421379423697e-05,0.0,0
Aflac_old,Company,6.154421379423697e-05,0.0,0
Moody_s_Corporation,Company,6.154421379423697e-05,0.0,0
Edwards_Lifesciences,Company,6.154421379423697e-05,0.0,0
Agilent_Technologies,Company,6.154421379423697e-05,0.0,0
Willis_Towers_Watson,Company,6.154421379423697e-05,0.0,0
